sample_name,cluster
HG02461,Africa.1
HG02462,Africa.1
HG02463,Africa.1
HG02464,Africa.1
HG02465,Africa.1
HG02466,Africa.1
HG02561,Africa.1
HG02562,Africa.1
HG02563,Africa.1
HG02568,Africa.1
HG02569,Africa.1
HG02570,Africa.1
HG02571,Africa.1
HG02572,Africa.1
HG02573,Africa.1
HG02574,Africa.1
HG02575,Africa.1
HG02582,Africa.1
HG02583,Africa.1
HG02584,Africa.1
HG02585,Africa.1
HG02586,Africa.1
HG02587,Africa.1
HG02588,Africa.1
HG02589,Africa.1
HG02590,Africa.1
HG02594,Africa.1
HG02595,Africa.1
HG02596,Africa.1
HG02610,Africa.1
HG02611,Africa.1
HG02612,Africa.1
HG02613,Africa.1
HG02614,Africa.1
HG02615,Africa.1
HG02620,Africa.1
HG02621,Africa.1
HG02622,Africa.1
HG02623,Africa.1
HG02624,Africa.1
HG02625,Africa.1
HG02628,Africa.1
HG02629,Africa.1
HG02630,Africa.1
HG02634,Africa.1
HG02635,Africa.1
HG02636,Africa.1
HG02642,Africa.1
HG02643,Africa.1
HG02644,Africa.1
HG02645,Africa.1
HG02646,Africa.1
HG02647,Africa.1
HG02666,Africa.1
HG02667,Africa.1
HG02668,Africa.1
HG02675,Africa.1
HG02676,Africa.1
HG02677,Africa.1
HG02678,Africa.1
HG02679,Africa.1
HG02680,Africa.1
HG02702,Africa.1
HG02703,Africa.1
HG02704,Africa.1
HG02715,Africa.1
HG02716,Africa.1
HG02717,Africa.1
HG02721,Africa.1
HG02722,Africa.1
HG02723,Africa.1
HG02756,Africa.1
HG02757,Africa.1
HG02759,Africa.1
HG02760,Africa.1
HG02761,Africa.1
HG02762,Africa.1
HG02763,Africa.1
HG02764,Africa.1
HG02768,Africa.1
HG02769,Africa.1
HG02770,Africa.1
HG02771,Africa.1
HG02772,Africa.1
HG02773,Africa.1
HG02798,Africa.1
HG02799,Africa.1
HG02800,Africa.1
HG02804,Africa.1
HG02805,Africa.1
HG02806,Africa.1
HG02807,Africa.1
HG02808,Africa.1
HG02809,Africa.1
HG02810,Africa.1
HG02811,Africa.1
HG02812,Africa.1
HG02813,Africa.1
HG02814,Africa.1
HG02815,Africa.1
HG02816,Africa.1
HG02817,Africa.1
HG02819,Africa.1
HG02820,Africa.1
HG02836,Africa.1
HG02837,Africa.1
HG02838,Africa.1
HG02839,Africa.1
HG02840,Africa.1
HG02841,Africa.1
HG02851,Africa.1
HG02852,Africa.1
HG02853,Africa.1
HG02854,Africa.1
HG02855,Africa.1
HG02856,Africa.1
HG02860,Africa.1
HG02861,Africa.1
HG02869,Africa.1
HG02870,Africa.1
HG02871,Africa.1
HG02878,Africa.1
HG02879,Africa.1
HG02880,Africa.1
HG02881,Africa.1
HG02882,Africa.1
HG02883,Africa.1
HG02884,Africa.1
HG02885,Africa.1
HG02886,Africa.1
HG02887,Africa.1
HG02888,Africa.1
HG02889,Africa.1
HG02890,Africa.1
HG02891,Africa.1
HG02892,Africa.1
HG02895,Africa.1
HG02896,Africa.1
HG02897,Africa.1
HG02982,Africa.1
HG02983,Africa.1
HG02984,Africa.1
HG03024,Africa.1
HG03025,Africa.1
HG03026,Africa.1
HG03027,Africa.1
HG03028,Africa.1
HG03029,Africa.1
HG03033,Africa.1
HG03034,Africa.1
HG03035,Africa.1
HG03039,Africa.1
HG03040,Africa.1
HG03041,Africa.1
HG03045,Africa.1
HG03046,Africa.1
HG03047,Africa.1
HG03048,Africa.1
HG03049,Africa.1
HG03050,Africa.1
HG03240,Africa.1
HG03241,Africa.1
HG03242,Africa.1
HG03246,Africa.1
HG03247,Africa.1
HG03248,Africa.1
HG03249,Africa.1
HG03250,Africa.1
HG03251,Africa.1
HG03258,Africa.1
HG03259,Africa.1
HG03260,Africa.1
HG03538,Africa.1
HG03539,Africa.1
HG03540,Africa.1
NA19017,Africa.1
NA19019,Africa.1
NA19020,Africa.1
NA19023,Africa.1
NA19024,Africa.1
NA19025,Africa.1
NA19026,Africa.1
NA19027,Africa.1
NA19028,Africa.1
NA19030,Africa.1
NA19031,Africa.1
NA19035,Africa.1
NA19036,Africa.1
NA19037,Africa.1
NA19038,Africa.1
NA19041,Africa.1
NA19042,Africa.1
NA19043,Africa.1
NA19307,Africa.1
NA19308,Africa.1
NA19309,Africa.1
NA19310,Africa.1
NA19312,Africa.1
NA19314,Africa.1
NA19315,Africa.1
NA19316,Africa.1
NA19317,Africa.1
NA19318,Africa.1
NA19319,Africa.1
NA19320,Africa.1
NA19321,Africa.1
NA19323,Africa.1
NA19324,Africa.1
NA19327,Africa.1
NA19328,Africa.1
NA19331,Africa.1
NA19332,Africa.1
NA19334,Africa.1
NA19338,Africa.1
NA19346,Africa.1
NA19347,Africa.1
NA19350,Africa.1
NA19351,Africa.1
NA19355,Africa.1
NA19360,Africa.1
NA19372,Africa.1
NA19374,Africa.1
NA19375,Africa.1
NA19376,Africa.1
NA19377,Africa.1
NA19378,Africa.1
NA19379,Africa.1
NA19380,Africa.1
NA19383,Africa.1
NA19384,Africa.1
NA19385,Africa.1
NA19390,Africa.1
NA19391,Africa.1
NA19393,Africa.1
NA19394,Africa.1
NA19395,Africa.1
NA19397,Africa.1
NA19399,Africa.1
NA19401,Africa.1
NA19403,Africa.1
NA19404,Africa.1
NA19428,Africa.1
NA19429,Africa.1
NA19430,Africa.1
NA19431,Africa.1
NA19434,Africa.1
NA19435,Africa.1
NA19436,Africa.1
NA19437,Africa.1
NA19438,Africa.1
NA19439,Africa.1
NA19440,Africa.1
NA19443,Africa.1
NA19445,Africa.1
NA19446,Africa.1
NA19448,Africa.1
NA19449,Africa.1
NA19451,Africa.1
NA19452,Africa.1
NA19454,Africa.1
NA19455,Africa.1
NA19456,Africa.1
NA19457,Africa.1
NA19461,Africa.1
NA19462,Africa.1
NA19463,Africa.1
NA19466,Africa.1
NA19467,Africa.1
NA19468,Africa.1
NA19471,Africa.1
NA19472,Africa.1
NA19473,Africa.1
NA19474,Africa.1
NA19475,Africa.1
HG02922,Africa.2
HG02923,Africa.2
HG02924,Africa.2
HG02938,Africa.2
HG02941,Africa.2
HG02943,Africa.2
HG02944,Africa.2
HG02945,Africa.2
HG02946,Africa.2
HG02947,Africa.2
HG02948,Africa.2
HG02952,Africa.2
HG02953,Africa.2
HG02954,Africa.2
HG02964,Africa.2
HG02965,Africa.2
HG02966,Africa.2
HG02968,Africa.2
HG02970,Africa.2
HG02971,Africa.2
HG02972,Africa.2
HG02973,Africa.2
HG02974,Africa.2
HG02975,Africa.2
HG02976,Africa.2
HG02977,Africa.2
HG02978,Africa.2
HG02979,Africa.2
HG02980,Africa.2
HG02981,Africa.2
HG03099,Africa.2
HG03100,Africa.2
HG03101,Africa.2
HG03103,Africa.2
HG03105,Africa.2
HG03108,Africa.2
HG03109,Africa.2
HG03110,Africa.2
HG03111,Africa.2
HG03112,Africa.2
HG03113,Africa.2
HG03114,Africa.2
HG03115,Africa.2
HG03116,Africa.2
HG03117,Africa.2
HG03118,Africa.2
HG03119,Africa.2
HG03120,Africa.2
HG03121,Africa.2
HG03122,Africa.2
HG03123,Africa.2
HG03124,Africa.2
HG03125,Africa.2
HG03126,Africa.2
HG03127,Africa.2
HG03128,Africa.2
HG03129,Africa.2
HG03130,Africa.2
HG03131,Africa.2
HG03132,Africa.2
HG03133,Africa.2
HG03134,Africa.2
HG03135,Africa.2
HG03136,Africa.2
HG03137,Africa.2
HG03139,Africa.2
HG03157,Africa.2
HG03159,Africa.2
HG03160,Africa.2
HG03161,Africa.2
HG03162,Africa.2
HG03163,Africa.2
HG03164,Africa.2
HG03166,Africa.2
HG03168,Africa.2
HG03169,Africa.2
HG03170,Africa.2
HG03172,Africa.2
HG03175,Africa.2
HG03189,Africa.2
HG03190,Africa.2
HG03191,Africa.2
HG03193,Africa.2
HG03195,Africa.2
HG03196,Africa.2
HG03197,Africa.2
HG03198,Africa.2
HG03199,Africa.2
HG03200,Africa.2
HG03202,Africa.2
HG03265,Africa.2
HG03267,Africa.2
HG03268,Africa.2
HG03269,Africa.2
HG03270,Africa.2
HG03271,Africa.2
HG03272,Africa.2
HG03279,Africa.2
HG03280,Africa.2
HG03291,Africa.2
HG03294,Africa.2
HG03295,Africa.2
HG03296,Africa.2
HG03297,Africa.2
HG03298,Africa.2
HG03299,Africa.2
HG03300,Africa.2
HG03301,Africa.2
HG03302,Africa.2
HG03303,Africa.2
HG03304,Africa.2
HG03305,Africa.2
HG03306,Africa.2
HG03307,Africa.2
HG03308,Africa.2
HG03309,Africa.2
HG03310,Africa.2
HG03311,Africa.2
HG03312,Africa.2
HG03313,Africa.2
HG03314,Africa.2
HG03342,Africa.2
HG03343,Africa.2
HG03344,Africa.2
HG03350,Africa.2
HG03351,Africa.2
HG03352,Africa.2
HG03354,Africa.2
HG03363,Africa.2
HG03366,Africa.2
HG03367,Africa.2
HG03368,Africa.2
HG03369,Africa.2
HG03370,Africa.2
HG03371,Africa.2
HG03372,Africa.2
HG03373,Africa.2
HG03374,Africa.2
HG03499,Africa.2
HG03511,Africa.2
HG03514,Africa.2
HG03515,Africa.2
HG03516,Africa.2
HG03517,Africa.2
HG03518,Africa.2
HG03519,Africa.2
HG03520,Africa.2
HG03521,Africa.2
HG03522,Africa.2
NA18484,Africa.2
NA18485,Africa.2
NA18486,Africa.2
NA18487,Africa.2
NA18488,Africa.2
NA18489,Africa.2
NA18497,Africa.2
NA18498,Africa.2
NA18499,Africa.2
NA18500,Africa.2
NA18501,Africa.2
NA18502,Africa.2
NA18503,Africa.2
NA18504,Africa.2
NA18505,Africa.2
NA18506,Africa.2
NA18507,Africa.2
NA18508,Africa.2
NA18510,Africa.2
NA18511,Africa.2
NA18515,Africa.2
NA18516,Africa.2
NA18517,Africa.2
NA18518,Africa.2
NA18519,Africa.2
NA18520,Africa.2
NA18521,Africa.2
NA18522,Africa.2
NA18523,Africa.2
NA18852,Africa.2
NA18853,Africa.2
NA18854,Africa.2
NA18855,Africa.2
NA18856,Africa.2
NA18857,Africa.2
NA18858,Africa.2
NA18859,Africa.2
NA18860,Africa.2
NA18861,Africa.2
NA18862,Africa.2
NA18863,Africa.2
NA18864,Africa.2
NA18865,Africa.2
NA18867,Africa.2
NA18868,Africa.2
NA18869,Africa.2
NA18870,Africa.2
NA18871,Africa.2
NA18872,Africa.2
NA18873,Africa.2
NA18874,Africa.2
NA18875,Africa.2
NA18876,Africa.2
NA18877,Africa.2
NA18878,Africa.2
NA18879,Africa.2
NA18881,Africa.2
NA18906,Africa.2
NA18907,Africa.2
NA18908,Africa.2
NA18909,Africa.2
NA18910,Africa.2
NA18911,Africa.2
NA18912,Africa.2
NA18913,Africa.2
NA18914,Africa.2
NA18915,Africa.2
NA18916,Africa.2
NA18917,Africa.2
NA18923,Africa.2
NA18924,Africa.2
NA18925,Africa.2
NA18930,Africa.2
NA18933,Africa.2
NA18934,Africa.2
NA18935,Africa.2
NA19092,Africa.2
NA19093,Africa.2
NA19094,Africa.2
NA19095,Africa.2
NA19096,Africa.2
NA19097,Africa.2
NA19098,Africa.2
NA19099,Africa.2
NA19100,Africa.2
NA19101,Africa.2
NA19102,Africa.2
NA19103,Africa.2
NA19107,Africa.2
NA19108,Africa.2
NA19109,Africa.2
NA19113,Africa.2
NA19114,Africa.2
NA19115,Africa.2
NA19116,Africa.2
NA19117,Africa.2
NA19118,Africa.2
NA19119,Africa.2
NA19120,Africa.2
NA19121,Africa.2
NA19122,Africa.2
NA19123,Africa.2
NA19127,Africa.2
NA19128,Africa.2
NA19129,Africa.2
NA19130,Africa.2
NA19131,Africa.2
NA19132,Africa.2
NA19137,Africa.2
NA19138,Africa.2
NA19139,Africa.2
NA19140,Africa.2
NA19141,Africa.2
NA19142,Africa.2
NA19143,Africa.2
NA19144,Africa.2
NA19145,Africa.2
NA19146,Africa.2
NA19147,Africa.2
NA19148,Africa.2
NA19149,Africa.2
NA19150,Africa.2
NA19151,Africa.2
NA19152,Africa.2
NA19153,Africa.2
NA19154,Africa.2
NA19159,Africa.2
NA19160,Africa.2
NA19161,Africa.2
NA19171,Africa.2
NA19172,Africa.2
NA19173,Africa.2
NA19174,Africa.2
NA19175,Africa.2
NA19176,Africa.2
NA19177,Africa.2
NA19184,Africa.2
NA19185,Africa.2
NA19186,Africa.2
NA19189,Africa.2
NA19190,Africa.2
NA19191,Africa.2
NA19197,Africa.2
NA19198,Africa.2
NA19199,Africa.2
NA19200,Africa.2
NA19201,Africa.2
NA19202,Africa.2
NA19203,Africa.2
NA19204,Africa.2
NA19205,Africa.2
NA19206,Africa.2
NA19207,Africa.2
NA19208,Africa.2
NA19209,Africa.2
NA19210,Africa.2
NA19211,Africa.2
NA19213,Africa.2
NA19214,Africa.2
NA19215,Africa.2
NA19221,Africa.2
NA19222,Africa.2
NA19223,Africa.2
NA19224,Africa.2
NA19225,Africa.2
NA19226,Africa.2
NA19235,Africa.2
NA19236,Africa.2
NA19237,Africa.2
NA19238,Africa.2
NA19239,Africa.2
NA19240,Africa.2
NA19247,Africa.2
NA19248,Africa.2
NA19249,Africa.2
NA19256,Africa.2
NA19257,Africa.2
NA19258,Africa.2
HG01879,Africa.3
HG01880,Africa.3
HG01881,Africa.3
HG01882,Africa.3
HG01883,Africa.3
HG01884,Africa.3
HG01885,Africa.3
HG01886,Africa.3
HG01887,Africa.3
HG01888,Africa.3
HG01889,Africa.3
HG01890,Africa.3
HG01891,Africa.3
HG01894,Africa.3
HG01895,Africa.3
HG01896,Africa.3
HG01897,Africa.3
HG01912,Africa.3
HG01914,Africa.3
HG01915,Africa.3
HG01916,Africa.3
HG01956,Africa.3
HG01958,Africa.3
HG01959,Africa.3
HG01960,Africa.3
HG01985,Africa.3
HG01986,Africa.3
HG01987,Africa.3
HG01988,Africa.3
HG01989,Africa.3
HG01990,Africa.3
HG02009,Africa.3
HG02010,Africa.3
HG02011,Africa.3
HG02012,Africa.3
HG02013,Africa.3
HG02014,Africa.3
HG02051,Africa.3
HG02052,Africa.3
HG02053,Africa.3
HG02054,Africa.3
HG02055,Africa.3
HG02095,Africa.3
HG02107,Africa.3
HG02108,Africa.3
HG02111,Africa.3
HG02143,Africa.3
HG02144,Africa.3
HG02145,Africa.3
HG02255,Africa.3
HG02256,Africa.3
HG02257,Africa.3
HG02280,Africa.3
HG02281,Africa.3
HG02282,Africa.3
HG02283,Africa.3
HG02284,Africa.3
HG02307,Africa.3
HG02308,Africa.3
HG02309,Africa.3
HG02314,Africa.3
HG02315,Africa.3
HG02316,Africa.3
HG02317,Africa.3
HG02318,Africa.3
HG02321,Africa.3
HG02322,Africa.3
HG02323,Africa.3
HG02325,Africa.3
HG02330,Africa.3
HG02332,Africa.3
HG02334,Africa.3
HG02337,Africa.3
HG02339,Africa.3
HG02343,Africa.3
HG02419,Africa.3
HG02420,Africa.3
HG02427,Africa.3
HG02429,Africa.3
HG02433,Africa.3
HG02439,Africa.3
HG02442,Africa.3
HG02445,Africa.3
HG02449,Africa.3
HG02450,Africa.3
HG02451,Africa.3
HG02455,Africa.3
HG02470,Africa.3
HG02471,Africa.3
HG02476,Africa.3
HG02477,Africa.3
HG02479,Africa.3
HG02481,Africa.3
HG02484,Africa.3
HG02485,Africa.3
HG02489,Africa.3
HG02496,Africa.3
HG02497,Africa.3
HG02501,Africa.3
HG02502,Africa.3
HG02505,Africa.3
HG02508,Africa.3
HG02511,Africa.3
HG02536,Africa.3
HG02537,Africa.3
HG02541,Africa.3
HG02545,Africa.3
HG02546,Africa.3
HG02549,Africa.3
HG02554,Africa.3
HG02555,Africa.3
HG02557,Africa.3
HG02558,Africa.3
HG02577,Africa.3
HG02580,Africa.3
NA19700,Africa.3
NA19701,Africa.3
NA19702,Africa.3
NA19703,Africa.3
NA19704,Africa.3
NA19705,Africa.3
NA19707,Africa.3
NA19711,Africa.3
NA19712,Africa.3
NA19713,Africa.3
NA19818,Africa.3
NA19819,Africa.3
NA19828,Africa.3
NA19834,Africa.3
NA19835,Africa.3
NA19836,Africa.3
NA19900,Africa.3
NA19901,Africa.3
NA19902,Africa.3
NA19904,Africa.3
NA19908,Africa.3
NA19909,Africa.3
NA19913,Africa.3
NA19914,Africa.3
NA19916,Africa.3
NA19917,Africa.3
NA19918,Africa.3
NA19919,Africa.3
NA19920,Africa.3
NA19921,Africa.3
NA19922,Africa.3
NA19923,Africa.3
NA19924,Africa.3
NA19982,Africa.3
NA19983,Africa.3
NA19984,Africa.3
NA20126,Africa.3
NA20127,Africa.3
NA20128,Africa.3
NA20129,Africa.3
NA20276,Africa.3
NA20278,Africa.3
NA20279,Africa.3
NA20281,Africa.3
NA20282,Africa.3
NA20287,Africa.3
NA20289,Africa.3
NA20291,Africa.3
NA20294,Africa.3
NA20296,Africa.3
NA20298,Africa.3
NA20317,Africa.3
NA20318,Africa.3
NA20320,Africa.3
NA20321,Africa.3
NA20332,Africa.3
NA20334,Africa.3
NA20339,Africa.3
NA20340,Africa.3
NA20342,Africa.3
NA20346,Africa.3
NA20348,Africa.3
NA20351,Africa.3
NA20355,Africa.3
NA20356,Africa.3
NA20357,Africa.3
NA20358,Africa.3
NA20359,Africa.3
NA20362,Africa.3
NA20412,Africa.3
HG03052,Africa.3
HG03054,Africa.3
HG03055,Africa.3
HG03056,Africa.3
HG03057,Africa.3
HG03058,Africa.3
HG03060,Africa.3
HG03061,Africa.3
HG03063,Africa.3
HG03064,Africa.3
HG03066,Africa.3
HG03069,Africa.3
HG03072,Africa.3
HG03073,Africa.3
HG03074,Africa.3
HG03077,Africa.3
HG03078,Africa.3
HG03079,Africa.3
HG03081,Africa.3
HG03082,Africa.3
HG03084,Africa.3
HG03085,Africa.3
HG03086,Africa.3
HG03088,Africa.3
HG03091,Africa.3
HG03095,Africa.3
HG03096,Africa.3
HG03097,Africa.3
HG03098,Africa.3
HG03209,Africa.3
HG03212,Africa.3
HG03224,Africa.3
HG03225,Africa.3
HG03376,Africa.3
HG03378,Africa.3
HG03380,Africa.3
HG03382,Africa.3
HG03385,Africa.3
HG03388,Africa.3
HG03391,Africa.3
HG03394,Africa.3
HG03397,Africa.3
HG03401,Africa.3
HG03410,Africa.3
HG03419,Africa.3
HG03428,Africa.3
HG03432,Africa.3
HG03433,Africa.3
HG03436,Africa.3
HG03437,Africa.3
HG03438,Africa.3
HG03439,Africa.3
HG03442,Africa.3
HG03445,Africa.3
HG03446,Africa.3
HG03449,Africa.3
HG03451,Africa.3
HG03452,Africa.3
HG03453,Africa.3
HG03454,Africa.3
HG03455,Africa.3
HG03456,Africa.3
HG03457,Africa.3
HG03458,Africa.3
HG03460,Africa.3
HG03461,Africa.3
HG03464,Africa.3
HG03469,Africa.3
HG03470,Africa.3
HG03472,Africa.3
HG03473,Africa.3
HG03476,Africa.3
HG03478,Africa.3
HG03479,Africa.3
HG03480,Africa.3
HG03484,Africa.3
HG03485,Africa.3
HG03486,Africa.3
HG03547,Africa.3
HG03548,Africa.3
HG03556,Africa.3
HG03557,Africa.3
HG03558,Africa.3
HG03559,Africa.3
HG03563,Africa.3
HG03565,Africa.3
HG03567,Africa.3
HG03571,Africa.3
HG03572,Africa.3
HG03574,Africa.3
HG03575,Africa.3
HG03576,Africa.3
HG03577,Africa.3
HG03578,Africa.3
HG03579,Africa.3
HG03582,Africa.3
HG03583,Africa.3
HG01107,Africa.3
HG01108,Africa.3
HG01109,Africa.3
HG01241,Africa.3
HG01242,Africa.3
HG01243,Africa.3
HGDP01419,Africa_middle_east
HGDP01199,Africa_middle_east
HGDP00931,Africa_middle_east
HGDP00462,Africa_middle_east
Ayodo_81S,Africa_middle_east
HGDP00621,Africa_middle_east
HGDP00944,Africa_middle_east
HGDP00907,Africa_middle_east
HGDP00994,Africa_middle_east
HGDP00479,Africa_middle_east
HGDP00991,Africa_middle_east
HGDP00913,Africa_middle_east
HGDP01031,Africa_middle_east
HGDP00916,Africa_middle_east
SA0342,Africa_middle_east
HGDP00465,Africa_middle_east
HGDP00934,Africa_middle_east
HGDP01283,Africa_middle_east
HGDP00941,Africa_middle_east
HGDP01090,Africa_middle_east
HGDP01032,Africa_middle_east
HGDP00467,Africa_middle_east
HGDP00906,Africa_middle_east
HGDP01416,Africa_middle_east
HGDP01417,Africa_middle_east
HGDP00463,Africa_middle_east
HGDP01285,Africa_middle_east
HGDP01201,Africa_middle_east
HGDP00933,Africa_middle_east
HGDP00987,Africa_middle_east
HGDP00943,Africa_middle_east
HGDP00453,Africa_middle_east
HGDP00914,Africa_middle_east
HGDP01081,Africa_middle_east
HGDP00928,Africa_middle_east
HGDP01028,Africa_middle_east
HGDP01086,Africa_middle_east
HGDP01033,Africa_middle_east
Ayodo_502C,Africa_middle_east
HGDP01094,Africa_middle_east
Ayodo_430C,Africa_middle_east
DNK07,Africa_middle_east
HGDP00920,Africa_middle_east
HGDP00918,Africa_middle_east
NA21581,Africa_middle_east
HGDP00930,Africa_middle_east
HGDP00919,Africa_middle_east
HGDP00911,Africa_middle_east
HGDP01029,Africa_middle_east
HGDP00474,Africa_middle_east
SA0722,Africa_middle_east
HGDP01034,Africa_middle_east
NA21490,Africa_middle_east
HGDP01411,Africa_middle_east
HGDP01202,Africa_middle_east
HGDP00466,Africa_middle_east
HGDP00940,Africa_middle_east
HGDP01406,Africa_middle_east
HGDP00924,Africa_middle_east
HGDP01415,Africa_middle_east
HGDP00932,Africa_middle_east
HGDP00915,Africa_middle_east
HGDP00984,Africa_middle_east
HGDP00450,Africa_middle_east
HGDP00908,Africa_middle_east
HGDP00452,Africa_middle_east
HGDP00468,Africa_middle_east
HGDP01036,Africa_middle_east
HGDP01087,Africa_middle_east
HGDP00464,Africa_middle_east
HGDP00992,Africa_middle_east
HGDP01200,Africa_middle_east
HGDP01030,Africa_middle_east
HGDP00475,Africa_middle_east
HGDP01270,Africa_middle_east
HGDP00478,Africa_middle_east
HGDP00905,Africa_middle_east
HGDP00936,Africa_middle_east
HGDP00985,Africa_middle_east
HGDP01414,Africa_middle_east
HGDP00982,Africa_middle_east
HGDP00929,Africa_middle_east
HGDP00909,Africa_middle_east
HGDP00472,Africa_middle_east
DNK11,Africa_middle_east
DNK05,Africa_middle_east
HGDP00476,Africa_middle_east
HGDP01418,Africa_middle_east
HGDP00457,Africa_middle_east
HGDP01413,Africa_middle_east
HGDP00455,Africa_middle_east
HGDP00935,Africa_middle_east
HGDP01412,Africa_middle_east
HGDP00938,Africa_middle_east
HGDP01035,Africa_middle_east
HGDP01286,Africa_middle_east
HGDP00910,Africa_middle_east
HGDP00471,Africa_middle_east
HGDP00917,Africa_middle_east
HGDP00461,Africa_middle_east
HGDP00454,Africa_middle_east
HGDP01405,Africa_middle_east
HGDP00926,Africa_middle_east
HGDP00449,Africa_middle_east
HGDP00904,Africa_middle_east
HGDP00469,Africa_middle_east
HGDP00983,Africa_middle_east
HGDP00939,Africa_middle_east
HGDP00986,Africa_middle_east
HGDP00458,Africa_middle_east
HGDP01408,Africa_middle_east
HGDP00473,Africa_middle_east
HGDP00993,Africa_middle_east
HGDP00925,Africa_middle_east
HGDP01092,Africa_middle_east
HGDP00459,Africa_middle_east
HGDP00981,Africa_middle_east
HGDP00470,Africa_middle_east
HGDP00912,Africa_middle_east
HGDP00937,Africa_middle_east
HGDP00460,Africa_middle_east
NA19044,Africa_middle_east
HGDP00942,Africa_middle_east
HG01983,America.1
NA19661,America.1
NA19746,America.1
NA19663,America.1
HG02147,America.1
NA19720,America.1
HG01992,America.1
HG02008,America.1
HG01979,America.1
NA19771,America.1
HG01965,America.1
NA19735,America.1
NA19762,America.1
HG02302,America.1
NA19664,America.1
HG01944,America.1
NA19732,America.1
HG01918,America.1
HG01946,America.1
NA19740,America.1
NA19776,America.1
HG02271,America.1
NA19731,America.1
HG02292,America.1
HG01947,America.1
NA19728,America.1
HG02303,America.1
HG01953,America.1
HG02275,America.1
HG01579,America.1
HG02259,America.1
HG02301,America.1
NA19794,America.1
HG01937,America.1
HG01984,America.1
HG02265,America.1
HG02734,America.1
NA19747,America.1
NA19683,America.1
HG01942,America.1
NA19788,America.1
HG02300,America.1
NA19681,America.1
HG01927,America.1
HG02089,America.1
HG02261,America.1
NA19787,America.1
HG02735,America.1
NA19655,America.1
HG01982,America.1
HG01935,America.1
HG01997,America.1
HG01971,America.1
HG02146,America.1
NA19758,America.1
HG02279,America.1
HG02286,America.1
HG01435,America.1
HG01941,America.1
NA19774,America.1
HG01961,America.1
NA19716,America.1
NA19657,America.1
HG01566,America.1
NA19719,America.1
HG01567,America.1
HG01951,America.1
NA19741,America.1
NA19662,America.1
HG01932,America.1
HG01976,America.1
HG02312,America.1
NA19786,America.1
HG01950,America.1
NA19761,America.1
NA19782,America.1
NA19748,America.1
NA19775,America.1
HG01919,America.1
NA19770,America.1
HG01955,America.1
NA19724,America.1
HG01968,America.1
HG02345,America.1
HG02260,America.1
HG02278,America.1
NA19665,America.1
HG02287,America.1
HG02253,America.1
NA19796,America.1
NA19778,America.1
NA19686,America.1
HG01917,America.1
HG02299,America.1
NA19727,America.1
HG02252,America.1
NA19757,America.1
HG02293,America.1
HG02003,America.1
HG01924,America.1
NA19658,America.1
NA19722,America.1
NA19773,America.1
HG01936,America.1
NA19777,America.1
HG02266,America.1
HG02272,America.1
HG02104,America.1
HG01577,America.1
HG01920,America.1
HG01967,America.1
HG01923,America.1
NA19717,America.1
HG01925,America.1
HG01369,America.1
HG02262,America.1
HG02348,America.1
HG01893,America.1
NA19783,America.1
NA19685,America.1
HG01939,America.1
NA20314,America.1
HG02102,America.1
NA19780,America.1
NA19682,America.1
HG01943,America.1
HG01972,America.1
HG01572,America.1
HG02285,America.1
HG01934,America.1
NA19729,America.1
NA19760,America.1
NA19785,America.1
HG01565,America.1
NA19779,America.1
HG01945,America.1
NA19725,America.1
HG01922,America.1
NA19726,America.1
HG01977,America.1
NA19756,America.1
NA19772,America.1
HG01974,America.1
HG02273,America.1
HG01938,America.1
NA19784,America.1
HG01993,America.1
HG01970,America.1
NA19763,America.1
HG01969,America.1
NA19730,America.1
HG01949,America.1
NA19671,America.1
NA19795,America.1
HG02298,America.1
HG01973,America.1
NA19734,America.1
NA19684,America.1
HG01921,America.1
HG01571,America.1
HG02004,America.1
HG01998,America.1
HG01981,America.1
HG01933,America.1
HG02105,America.1
NA19759,America.1
NA19752,America.1
HG02304,America.1
NA19733,America.1
HG01954,America.1
HG01952,America.1
NA19659,America.1
HG02150,America.1
HG02002,America.1
NA19656,America.1
NA19669,America.1
HG02291,America.1
NA19670,America.1
HG02106,America.1
HG01573,America.1
NA19755,America.1
HG02425,America.1
HG01978,America.1
HG01578,America.1
HG01892,America.1
HG01940,America.1
HG02277,America.1
NA19718,America.1
NA19721,America.1
HG01975,America.1
HG01898,America.1
HG01926,America.1
HG01980,America.1
NA19781,America.1
HG01928,America.1
NA19790,America.1
NA19789,America.1
HG02148,America.1
HG01948,America.1
NA19660,America.1
NA19654,America.1
HG01991,America.1
NA19723,America.1
HG01367,America.2
HG01361,America.2
HG01379,America.2
HG00741,America.2
HG00743,America.2
HG00738,America.2
HG01064,America.2
HG01062,America.2
HG01384,America.2
HG01455,America.2
HG01052,America.2
HG01124,America.2
HG01550,America.2
HG01047,America.2
NA19625,America.2
HG01392,America.2
HG01273,America.2
HG01100,America.2
HG01161,America.2
HG01365,America.2
NA19678,America.2
NA19680,America.2
HG00554,America.2
HG01255,America.2
HG01495,America.2
NA19651,America.2
HG01096,America.2
HG01366,America.2
NA19751,America.2
HG01134,America.2
HG01206,America.2
HG01277,America.2
HG01355,America.2
HG01281,America.2
NA19675,America.2
HG01479,America.2
HG01126,America.2
HG02274,America.2
NA19749,America.2
HG01352,America.2
NA19652,America.2
HG00637,America.2
HG01461,America.2
HG01271,America.2
HG01274,America.2
NA19650,America.2
HG01110,America.2
HG01103,America.2
HG01491,America.2
HG01556,America.2
HG01130,America.2
HG01390,America.2
HG01069,America.2
HG01551,America.2
HG01191,America.2
HG01414,America.2
HG01462,America.2
HG01089,America.2
HG01305,America.2
HG01474,America.2
HG01432,America.2
HG01054,America.2
HG01053,America.2
HG01457,America.2
NA19649,America.2
HG01383,America.2
HG01198,America.2
HG01497,America.2
NA19648,America.2
HG01258,America.2
NA19679,America.2
HG00642,America.2
HG01345,America.2
HG01437,America.2
HG01276,America.2
HG01413,America.2
HG00736,America.2
HG01259,America.2
HG01459,America.2
HG01403,America.2
HG01077,America.2
HG01051,America.2
HG01049,America.2
HG01136,America.2
HG01286,America.2
HG01376,America.2
HG01362,America.2
HG01302,America.2
HG01248,America.2
HG00639,America.2
HG01105,America.2
HG01183,America.2
HG01205,America.2
HG01133,America.2
HG01325,America.2
HG00742,America.2
HG01485,America.2
HG01178,America.2
HG01488,America.2
HG01204,America.2
HG01441,America.2
HG01490,America.2
HG01104,America.2
HG01048,America.2
HG01187,America.2
HG01385,America.2
NA19750,America.2
HG01175,America.2
HG01140,America.2
HG00552,America.2
HG01141,America.2
HG01374,America.2
HG01431,America.2
HG01356,America.2
HG01389,America.2
HG01468,America.2
HG01440,America.2
HG01443,America.2
HG01197,America.2
HG01323,America.2
HG01174,America.2
HG01269,America.2
HG01071,America.2
HG01106,America.2
HG01066,America.2
HG01137,America.2
HG01272,America.2
HG01398,America.2
HG01402,America.2
HG01254,America.2
HG01182,America.2
HG01456,America.2
HG01056,America.2
HG01142,America.2
HG01360,America.2
HG01058,America.2
HG01494,America.2
HG01465,America.2
HG01184,America.2
HG01095,America.2
HG01489,America.2
HG01256,America.2
HG01149,America.2
HG01250,America.2
HG01148,America.2
HG01083,America.2
HG01162,America.2
HG01412,America.2
HG01312,America.2
HG01249,America.2
HG01344,America.2
HG01280,America.2
HG01438,America.2
HG01085,America.2
HG00733,America.2
HG01354,America.2
HG02006,America.2
HG01493,America.2
HG01138,America.2
HG01092,America.2
HG01357,America.2
HG01102,America.2
HG00740,America.2
HG01122,America.2
HG01189,America.2
HG01466,America.2
HG01171,America.2
HG01112,America.2
HG01375,America.2
HG01070,America.2
HG00638,America.2
HG01098,America.2
HG01072,America.2
HG01275,America.2
HG01114,America.2
HG01061,America.2
HG01372,America.2
HG01391,America.2
HG01342,America.2
HG01192,America.2
HG01260,America.2
HG01349,America.2
HG01247,America.2
NA19676,America.2
HG00640,America.2
HG01464,America.2
HG01063,America.2
HG01113,America.2
HG00732,America.2
HG01499,America.2
HG01433,America.2
HG01253,America.2
HG01172,America.2
HG01101,America.2
HG01444,America.2
HG01463,America.2
HG01099,America.2
HG01139,America.2
HG01552,America.2
HG01094,America.2
HG01395,America.2
HG01055,America.2
HG01199,America.2
HG01261,America.2
HG01168,America.2
HG01060,America.2
HG00553,America.2
HG01348,America.2
HG01082,America.2
HG01067,America.2
HG01087,America.2
HG01341,America.2
NA19653,America.2
HG01393,America.2
HG01303,America.2
HG01188,America.2
HG01343,America.2
HG01176,America.2
HG01486,America.2
HG01252,America.2
HG01068,America.2
HG01135,America.2
HG01359,America.2
HG01377,America.2
HG01050,America.2
HG01131,America.2
HG01173,America.2
HG01190,America.2
HG01492,America.2
NA19764,America.2
HG01170,America.2
HG01111,America.2
HG01257,America.2
HG01251,America.2
HG01097,America.2
HG01169,America.2
HG01080,America.2
HG01167,America.2
HG00739,America.2
HG01496,America.2
HG01125,America.2
HG00641,America.2
HG00734,America.2
HG02090,America.2
HG01073,America.2
NA20299,America.2
HG01284,America.2
HG00735,America.2
HG01346,America.2
HG01086,America.2
HG01121,America.2
HG01405,America.2
HG01150,America.2
HG01164,America.2
HG00731,America.2
HG01075,America.2
NA19677,America.2
HG01363,America.2
HG01074,America.2
HG01326,America.2
HG01177,America.2
HG01378,America.2
NA19792,America.2
HG01079,America.2
HG00555,America.2
HG01498,America.2
HG00551,America.2
HG00737,America.2
HG01439,America.2
HG01311,America.2
HG01308,America.2
HG01396,America.2
HG01084,America.2
NA20274,America.2
HG01088,America.2
HG01353,America.2
HG01447,America.2
HG01350,America.2
HG01351,America.2
NA18525,East_Asia.1
NA18526,East_Asia.1
NA18528,East_Asia.1
NA18530,East_Asia.1
NA18531,East_Asia.1
NA18532,East_Asia.1
NA18533,East_Asia.1
NA18534,East_Asia.1
NA18535,East_Asia.1
NA18536,East_Asia.1
NA18537,East_Asia.1
NA18538,East_Asia.1
NA18539,East_Asia.1
NA18541,East_Asia.1
NA18542,East_Asia.1
NA18543,East_Asia.1
NA18544,East_Asia.1
NA18545,East_Asia.1
NA18546,East_Asia.1
NA18547,East_Asia.1
NA18548,East_Asia.1
NA18549,East_Asia.1
NA18550,East_Asia.1
NA18552,East_Asia.1
NA18553,East_Asia.1
NA18555,East_Asia.1
NA18557,East_Asia.1
NA18558,East_Asia.1
NA18559,East_Asia.1
NA18560,East_Asia.1
NA18561,East_Asia.1
NA18562,East_Asia.1
NA18563,East_Asia.1
NA18564,East_Asia.1
NA18565,East_Asia.1
NA18566,East_Asia.1
NA18567,East_Asia.1
NA18570,East_Asia.1
NA18571,East_Asia.1
NA18572,East_Asia.1
NA18573,East_Asia.1
NA18574,East_Asia.1
NA18577,East_Asia.1
NA18579,East_Asia.1
NA18582,East_Asia.1
NA18591,East_Asia.1
NA18592,East_Asia.1
NA18593,East_Asia.1
NA18595,East_Asia.1
NA18596,East_Asia.1
NA18597,East_Asia.1
NA18599,East_Asia.1
NA18602,East_Asia.1
NA18603,East_Asia.1
NA18605,East_Asia.1
NA18606,East_Asia.1
NA18608,East_Asia.1
NA18609,East_Asia.1
NA18610,East_Asia.1
NA18611,East_Asia.1
NA18612,East_Asia.1
NA18613,East_Asia.1
NA18614,East_Asia.1
NA18615,East_Asia.1
NA18616,East_Asia.1
NA18617,East_Asia.1
NA18618,East_Asia.1
NA18619,East_Asia.1
NA18620,East_Asia.1
NA18621,East_Asia.1
NA18622,East_Asia.1
NA18623,East_Asia.1
NA18624,East_Asia.1
NA18625,East_Asia.1
NA18626,East_Asia.1
NA18627,East_Asia.1
NA18628,East_Asia.1
NA18629,East_Asia.1
NA18630,East_Asia.1
NA18631,East_Asia.1
NA18632,East_Asia.1
NA18633,East_Asia.1
NA18634,East_Asia.1
NA18635,East_Asia.1
NA18636,East_Asia.1
NA18637,East_Asia.1
NA18638,East_Asia.1
NA18639,East_Asia.1
NA18640,East_Asia.1
NA18641,East_Asia.1
NA18642,East_Asia.1
NA18643,East_Asia.1
NA18644,East_Asia.1
NA18645,East_Asia.1
NA18646,East_Asia.1
NA18647,East_Asia.1
NA18648,East_Asia.1
NA18740,East_Asia.1
NA18745,East_Asia.1
NA18747,East_Asia.1
NA18748,East_Asia.1
NA18749,East_Asia.1
NA18757,East_Asia.1
HG00403,East_Asia.1
HG00404,East_Asia.1
HG00405,East_Asia.1
HG00406,East_Asia.1
HG00407,East_Asia.1
HG00408,East_Asia.1
HG00409,East_Asia.1
HG00410,East_Asia.1
HG00418,East_Asia.1
HG00419,East_Asia.1
HG00420,East_Asia.1
HG00421,East_Asia.1
HG00422,East_Asia.1
HG00423,East_Asia.1
HG00427,East_Asia.1
HG00428,East_Asia.1
HG00429,East_Asia.1
HG00436,East_Asia.1
HG00437,East_Asia.1
HG00438,East_Asia.1
HG00442,East_Asia.1
HG00443,East_Asia.1
HG00444,East_Asia.1
HG00445,East_Asia.1
HG00446,East_Asia.1
HG00447,East_Asia.1
HG00448,East_Asia.1
HG00449,East_Asia.1
HG00450,East_Asia.1
HG00451,East_Asia.1
HG00452,East_Asia.1
HG00453,East_Asia.1
HG00457,East_Asia.1
HG00458,East_Asia.1
HG00459,East_Asia.1
HG00463,East_Asia.1
HG00464,East_Asia.1
HG00465,East_Asia.1
HG00472,East_Asia.1
HG00473,East_Asia.1
HG00474,East_Asia.1
HG00475,East_Asia.1
HG00476,East_Asia.1
HG00477,East_Asia.1
HG00478,East_Asia.1
HG00479,East_Asia.1
HG00480,East_Asia.1
HG00500,East_Asia.1
HG00501,East_Asia.1
HG00502,East_Asia.1
HG00512,East_Asia.1
HG00513,East_Asia.1
HG00514,East_Asia.1
HG00524,East_Asia.1
HG00525,East_Asia.1
HG00526,East_Asia.1
HG00530,East_Asia.1
HG00531,East_Asia.1
HG00532,East_Asia.1
HG00533,East_Asia.1
HG00534,East_Asia.1
HG00535,East_Asia.1
HG00536,East_Asia.1
HG00537,East_Asia.1
HG00538,East_Asia.1
HG00542,East_Asia.1
HG00543,East_Asia.1
HG00544,East_Asia.1
HG00556,East_Asia.1
HG00557,East_Asia.1
HG00558,East_Asia.1
HG00559,East_Asia.1
HG00560,East_Asia.1
HG00561,East_Asia.1
HG00565,East_Asia.1
HG00566,East_Asia.1
HG00567,East_Asia.1
HG00577,East_Asia.1
HG00578,East_Asia.1
HG00579,East_Asia.1
HG00580,East_Asia.1
HG00581,East_Asia.1
HG00582,East_Asia.1
HG00583,East_Asia.1
HG00584,East_Asia.1
HG00585,East_Asia.1
HG00589,East_Asia.1
HG00590,East_Asia.1
HG00591,East_Asia.1
HG00592,East_Asia.1
HG00593,East_Asia.1
HG00594,East_Asia.1
HG00595,East_Asia.1
HG00596,East_Asia.1
HG00597,East_Asia.1
HG00598,East_Asia.1
HG00599,East_Asia.1
HG00607,East_Asia.1
HG00608,East_Asia.1
HG00609,East_Asia.1
HG00610,East_Asia.1
HG00611,East_Asia.1
HG00612,East_Asia.1
HG00613,East_Asia.1
HG00614,East_Asia.1
HG00615,East_Asia.1
HG00619,East_Asia.1
HG00620,East_Asia.1
HG00621,East_Asia.1
HG00622,East_Asia.1
HG00623,East_Asia.1
HG00625,East_Asia.1
HG00626,East_Asia.1
HG00627,East_Asia.1
HG00628,East_Asia.1
HG00629,East_Asia.1
HG00630,East_Asia.1
HG00631,East_Asia.1
HG00632,East_Asia.1
HG00634,East_Asia.1
HG00635,East_Asia.1
HG00636,East_Asia.1
HG00650,East_Asia.1
HG00651,East_Asia.1
HG00652,East_Asia.1
HG00653,East_Asia.1
HG00654,East_Asia.1
HG00655,East_Asia.1
HG00656,East_Asia.1
HG00657,East_Asia.1
HG00658,East_Asia.1
HG00662,East_Asia.1
HG00663,East_Asia.1
HG00664,East_Asia.1
HG00671,East_Asia.1
HG00672,East_Asia.1
HG00673,East_Asia.1
HG00674,East_Asia.1
HG00675,East_Asia.1
HG00683,East_Asia.1
HG00684,East_Asia.1
HG00685,East_Asia.1
HG00689,East_Asia.1
HG00690,East_Asia.1
HG00692,East_Asia.1
HG00693,East_Asia.1
HG00694,East_Asia.1
HG00698,East_Asia.1
HG00699,East_Asia.1
HG00700,East_Asia.1
HG00701,East_Asia.1
HG00702,East_Asia.1
HG00703,East_Asia.1
HG00704,East_Asia.1
HG00705,East_Asia.1
HG00706,East_Asia.1
HG00707,East_Asia.1
HG00708,East_Asia.1
HG00709,East_Asia.1
HG00717,East_Asia.1
HG00728,East_Asia.1
HG00729,East_Asia.1
NA18939,East_Asia.1
NA18940,East_Asia.1
NA18941,East_Asia.1
NA18942,East_Asia.1
NA18943,East_Asia.1
NA18944,East_Asia.1
NA18945,East_Asia.1
NA18946,East_Asia.1
NA18947,East_Asia.1
NA18948,East_Asia.1
NA18949,East_Asia.1
NA18950,East_Asia.1
NA18951,East_Asia.1
NA18952,East_Asia.1
NA18953,East_Asia.1
NA18954,East_Asia.1
NA18956,East_Asia.1
NA18957,East_Asia.1
NA18959,East_Asia.1
NA18960,East_Asia.1
NA18961,East_Asia.1
NA18962,East_Asia.1
NA18963,East_Asia.1
NA18964,East_Asia.1
NA18965,East_Asia.1
NA18966,East_Asia.1
NA18967,East_Asia.1
NA18968,East_Asia.1
NA18969,East_Asia.1
NA18970,East_Asia.1
NA18971,East_Asia.1
NA18972,East_Asia.1
NA18973,East_Asia.1
NA18974,East_Asia.1
NA18975,East_Asia.1
NA18976,East_Asia.1
NA18977,East_Asia.1
NA18978,East_Asia.1
NA18979,East_Asia.1
NA18980,East_Asia.1
NA18981,East_Asia.1
NA18982,East_Asia.1
NA18983,East_Asia.1
NA18984,East_Asia.1
NA18985,East_Asia.1
NA18986,East_Asia.1
NA18987,East_Asia.1
NA18988,East_Asia.1
NA18989,East_Asia.1
NA18990,East_Asia.1
NA18991,East_Asia.1
NA18992,East_Asia.1
NA18993,East_Asia.1
NA18994,East_Asia.1
NA18995,East_Asia.1
NA18997,East_Asia.1
NA18998,East_Asia.1
NA18999,East_Asia.1
NA19000,East_Asia.1
NA19001,East_Asia.1
NA19002,East_Asia.1
NA19003,East_Asia.1
NA19004,East_Asia.1
NA19005,East_Asia.1
NA19006,East_Asia.1
NA19007,East_Asia.1
NA19009,East_Asia.1
NA19010,East_Asia.1
NA19011,East_Asia.1
NA19012,East_Asia.1
NA19054,East_Asia.1
NA19055,East_Asia.1
NA19056,East_Asia.1
NA19057,East_Asia.1
NA19058,East_Asia.1
NA19059,East_Asia.1
NA19060,East_Asia.1
NA19062,East_Asia.1
NA19063,East_Asia.1
NA19064,East_Asia.1
NA19065,East_Asia.1
NA19066,East_Asia.1
NA19067,East_Asia.1
NA19068,East_Asia.1
NA19070,East_Asia.1
NA19072,East_Asia.1
NA19074,East_Asia.1
NA19075,East_Asia.1
NA19076,East_Asia.1
NA19077,East_Asia.1
NA19078,East_Asia.1
NA19079,East_Asia.1
NA19080,East_Asia.1
NA19081,East_Asia.1
NA19082,East_Asia.1
NA19083,East_Asia.1
NA19084,East_Asia.1
NA19085,East_Asia.1
NA19086,East_Asia.1
NA19087,East_Asia.1
NA19088,East_Asia.1
NA19089,East_Asia.1
NA19090,East_Asia.1
NA19091,East_Asia.1
HG02091,East_Asia.1
HG00759,East_Asia.2
HG00766,East_Asia.2
HG00844,East_Asia.2
HG00851,East_Asia.2
HG00864,East_Asia.2
HG00867,East_Asia.2
HG00879,East_Asia.2
HG00881,East_Asia.2
HG00956,East_Asia.2
HG00978,East_Asia.2
HG00982,East_Asia.2
HG01028,East_Asia.2
HG01029,East_Asia.2
HG01031,East_Asia.2
HG01046,East_Asia.2
HG01794,East_Asia.2
HG01795,East_Asia.2
HG01796,East_Asia.2
HG01797,East_Asia.2
HG01798,East_Asia.2
HG01799,East_Asia.2
HG01800,East_Asia.2
HG01801,East_Asia.2
HG01802,East_Asia.2
HG01804,East_Asia.2
HG01805,East_Asia.2
HG01806,East_Asia.2
HG01807,East_Asia.2
HG01808,East_Asia.2
HG01809,East_Asia.2
HG01810,East_Asia.2
HG01811,East_Asia.2
HG01812,East_Asia.2
HG01813,East_Asia.2
HG01815,East_Asia.2
HG01816,East_Asia.2
HG01817,East_Asia.2
HG02151,East_Asia.2
HG02152,East_Asia.2
HG02153,East_Asia.2
HG02154,East_Asia.2
HG02155,East_Asia.2
HG02156,East_Asia.2
HG02164,East_Asia.2
HG02165,East_Asia.2
HG02166,East_Asia.2
HG02178,East_Asia.2
HG02179,East_Asia.2
HG02180,East_Asia.2
HG02181,East_Asia.2
HG02182,East_Asia.2
HG02184,East_Asia.2
HG02185,East_Asia.2
HG02186,East_Asia.2
HG02187,East_Asia.2
HG02188,East_Asia.2
HG02190,East_Asia.2
HG02250,East_Asia.2
HG02351,East_Asia.2
HG02353,East_Asia.2
HG02355,East_Asia.2
HG02356,East_Asia.2
HG02360,East_Asia.2
HG02364,East_Asia.2
HG02367,East_Asia.2
HG02371,East_Asia.2
HG02373,East_Asia.2
HG02374,East_Asia.2
HG02375,East_Asia.2
HG02379,East_Asia.2
HG02380,East_Asia.2
HG02382,East_Asia.2
HG02383,East_Asia.2
HG02384,East_Asia.2
HG02385,East_Asia.2
HG02386,East_Asia.2
HG02389,East_Asia.2
HG02390,East_Asia.2
HG02391,East_Asia.2
HG02392,East_Asia.2
HG02394,East_Asia.2
HG02395,East_Asia.2
HG02396,East_Asia.2
HG02397,East_Asia.2
HG02398,East_Asia.2
HG02399,East_Asia.2
HG02401,East_Asia.2
HG02402,East_Asia.2
HG02406,East_Asia.2
HG02407,East_Asia.2
HG02408,East_Asia.2
HG02409,East_Asia.2
HG02410,East_Asia.2
HG01595,East_Asia.2
HG01596,East_Asia.2
HG01597,East_Asia.2
HG01598,East_Asia.2
HG01599,East_Asia.2
HG01600,East_Asia.2
HG01840,East_Asia.2
HG01841,East_Asia.2
HG01842,East_Asia.2
HG01843,East_Asia.2
HG01844,East_Asia.2
HG01845,East_Asia.2
HG01846,East_Asia.2
HG01847,East_Asia.2
HG01848,East_Asia.2
HG01849,East_Asia.2
HG01850,East_Asia.2
HG01851,East_Asia.2
HG01852,East_Asia.2
HG01853,East_Asia.2
HG01855,East_Asia.2
HG01857,East_Asia.2
HG01858,East_Asia.2
HG01859,East_Asia.2
HG01860,East_Asia.2
HG01861,East_Asia.2
HG01862,East_Asia.2
HG01863,East_Asia.2
HG01864,East_Asia.2
HG01865,East_Asia.2
HG01866,East_Asia.2
HG01867,East_Asia.2
HG01868,East_Asia.2
HG01869,East_Asia.2
HG01870,East_Asia.2
HG01871,East_Asia.2
HG01872,East_Asia.2
HG01873,East_Asia.2
HG01874,East_Asia.2
HG01878,East_Asia.2
HG02015,East_Asia.2
HG02016,East_Asia.2
HG02017,East_Asia.2
HG02018,East_Asia.2
HG02019,East_Asia.2
HG02020,East_Asia.2
HG02023,East_Asia.2
HG02024,East_Asia.2
HG02025,East_Asia.2
HG02026,East_Asia.2
HG02027,East_Asia.2
HG02028,East_Asia.2
HG02029,East_Asia.2
HG02030,East_Asia.2
HG02031,East_Asia.2
HG02032,East_Asia.2
HG02035,East_Asia.2
HG02040,East_Asia.2
HG02047,East_Asia.2
HG02048,East_Asia.2
HG02049,East_Asia.2
HG02050,East_Asia.2
HG02056,East_Asia.2
HG02057,East_Asia.2
HG02058,East_Asia.2
HG02059,East_Asia.2
HG02060,East_Asia.2
HG02061,East_Asia.2
HG02064,East_Asia.2
HG02067,East_Asia.2
HG02068,East_Asia.2
HG02069,East_Asia.2
HG02070,East_Asia.2
HG02071,East_Asia.2
HG02072,East_Asia.2
HG02073,East_Asia.2
HG02074,East_Asia.2
HG02075,East_Asia.2
HG02076,East_Asia.2
HG02077,East_Asia.2
HG02078,East_Asia.2
HG02079,East_Asia.2
HG02080,East_Asia.2
HG02081,East_Asia.2
HG02082,East_Asia.2
HG02083,East_Asia.2
HG02084,East_Asia.2
HG02085,East_Asia.2
HG02086,East_Asia.2
HG02087,East_Asia.2
HG02088,East_Asia.2
HG02113,East_Asia.2
HG02116,East_Asia.2
HG02120,East_Asia.2
HG02121,East_Asia.2
HG02122,East_Asia.2
HG02126,East_Asia.2
HG02127,East_Asia.2
HG02128,East_Asia.2
HG02129,East_Asia.2
HG02130,East_Asia.2
HG02131,East_Asia.2
HG02132,East_Asia.2
HG02133,East_Asia.2
HG02134,East_Asia.2
HG02135,East_Asia.2
HG02136,East_Asia.2
HG02137,East_Asia.2
HG02138,East_Asia.2
HG02139,East_Asia.2
HG02140,East_Asia.2
HG02141,East_Asia.2
HG02142,East_Asia.2
HG02512,East_Asia.2
HG02513,East_Asia.2
HG02514,East_Asia.2
HG02521,East_Asia.2
HG02522,East_Asia.2
HG02523,East_Asia.2
HG02524,East_Asia.2
HG02525,East_Asia.2
HG02526,East_Asia.2
HGDP00785,East_Asia_America_Oceanic
HGDP01313,East_Asia_America_Oceanic
HGDP01100,East_Asia_America_Oceanic
HGDP00975,East_Asia_America_Oceanic
HGDP01323,East_Asia_America_Oceanic
HGDP01238,East_Asia_America_Oceanic
HGDP01192,East_Asia_America_Oceanic
HGDP00754,East_Asia_America_Oceanic
Sir26,East_Asia_America_Oceanic
HGDP00952,East_Asia_America_Oceanic
Ale14,East_Asia_America_Oceanic
HGDP01337,East_Asia_America_Oceanic
HGDP01228,East_Asia_America_Oceanic
HGDP00106,East_Asia_America_Oceanic
HGDP00828,East_Asia_America_Oceanic
HGDP00720,East_Asia_America_Oceanic
HGDP00762,East_Asia_America_Oceanic
HGDP01305,East_Asia_America_Oceanic
HGDP01182,East_Asia_America_Oceanic
HGDP01209,East_Asia_America_Oceanic
HGDP01234,East_Asia_America_Oceanic
HGDP01296,East_Asia_America_Oceanic
HGDP00821,East_Asia_America_Oceanic
HGDP00960,East_Asia_America_Oceanic
HGDP00780,East_Asia_America_Oceanic
Mansi79,East_Asia_America_Oceanic
HGDP00121,East_Asia_America_Oceanic
HGDP00784,East_Asia_America_Oceanic
HGDP01356,East_Asia_America_Oceanic
HGDP00758,East_Asia_America_Oceanic
HGDP00103,East_Asia_America_Oceanic
NA13607,East_Asia_America_Oceanic
HGDP00763,East_Asia_America_Oceanic
HGDP01096,East_Asia_America_Oceanic
HGDP01196,East_Asia_America_Oceanic
HGDP00105,East_Asia_America_Oceanic
HGDP01340,East_Asia_America_Oceanic
HGDP00119,East_Asia_America_Oceanic
HGDP01185,East_Asia_America_Oceanic
HGDP01329,East_Asia_America_Oceanic
HGDP00769,East_Asia_America_Oceanic
HGDP00815,East_Asia_America_Oceanic
HGDP00971,East_Asia_America_Oceanic
HGDP01334,East_Asia_America_Oceanic
HGDP01354,East_Asia_America_Oceanic
HGDP01330,East_Asia_America_Oceanic
HGDP01021,East_Asia_America_Oceanic
HGDP00957,East_Asia_America_Oceanic
HGDP00949,East_Asia_America_Oceanic
HGDP01231,East_Asia_America_Oceanic
HGDP01350,East_Asia_America_Oceanic
HGDP00973,East_Asia_America_Oceanic
HGDP00755,East_Asia_America_Oceanic
HGDP01101,East_Asia_America_Oceanic
HGDP00950,East_Asia_America_Oceanic
HGDP01301,East_Asia_America_Oceanic
Nesk_22,East_Asia_America_Oceanic
HGDP00790,East_Asia_America_Oceanic
Tuba19,East_Asia_America_Oceanic
HGDP01328,East_Asia_America_Oceanic
HGDP01024,East_Asia_America_Oceanic
HGDP01240,East_Asia_America_Oceanic
HGDP00959,East_Asia_America_Oceanic
HGDP00955,East_Asia_America_Oceanic
HGDP01193,East_Asia_America_Oceanic
HGDP01248,East_Asia_America_Oceanic
Sir19,East_Asia_America_Oceanic
HGDP01251,East_Asia_America_Oceanic
HGDP01249,East_Asia_America_Oceanic
HGDP00713,East_Asia_America_Oceanic
HGDP01339,East_Asia_America_Oceanic
NA17385,East_Asia_America_Oceanic
HGDP01304,East_Asia_America_Oceanic
HGDP01310,East_Asia_America_Oceanic
HGDP00956,East_Asia_America_Oceanic
HGDP00771,East_Asia_America_Oceanic
HGDP01232,East_Asia_America_Oceanic
HGDP00749,East_Asia_America_Oceanic
HGDP00108,East_Asia_America_Oceanic
HGDP00964,East_Asia_America_Oceanic
HGDP00777,East_Asia_America_Oceanic
HGDP01319,East_Asia_America_Oceanic
HGDP01205,East_Asia_America_Oceanic
HGDP00716,East_Asia_America_Oceanic
HGDP01347,East_Asia_America_Oceanic
HGDP01204,East_Asia_America_Oceanic
HGDP01223,East_Asia_America_Oceanic
HGDP01342,East_Asia_America_Oceanic
HGDP01335,East_Asia_America_Oceanic
HGDP00946,East_Asia_America_Oceanic
Bu5,East_Asia_America_Oceanic
Ale32,East_Asia_America_Oceanic
HGDP01294,East_Asia_America_Oceanic
HGDP01236,East_Asia_America_Oceanic
HGDP01246,East_Asia_America_Oceanic
HGDP00712,East_Asia_America_Oceanic
HGDP01217,East_Asia_America_Oceanic
Dus22,East_Asia_America_Oceanic
HGDP01348,East_Asia_America_Oceanic
HGDP00958,East_Asia_America_Oceanic
HGDP01237,East_Asia_America_Oceanic
Tuba9,East_Asia_America_Oceanic
HGDP00715,East_Asia_America_Oceanic
HGDP01297,East_Asia_America_Oceanic
NA17386,East_Asia_America_Oceanic
HGDP00817,East_Asia_America_Oceanic
HGDP01229,East_Asia_America_Oceanic
HGDP00776,East_Asia_America_Oceanic
HGDP00102,East_Asia_America_Oceanic
HGDP01097,East_Asia_America_Oceanic
HGDP00122,East_Asia_America_Oceanic
HGDP00773,East_Asia_America_Oceanic
HGDP01102,East_Asia_America_Oceanic
HGDP00976,East_Asia_America_Oceanic
HGDP00714,East_Asia_America_Oceanic
HGDP01242,East_Asia_America_Oceanic
HGDP01295,East_Asia_America_Oceanic
HGDP01179,East_Asia_America_Oceanic
HGDP01213,East_Asia_America_Oceanic
CHI-034,East_Asia_America_Oceanic
HGDP01241,East_Asia_America_Oceanic
HGDP01299,East_Asia_America_Oceanic
HGDP00752,East_Asia_America_Oceanic
HGDP01338,East_Asia_America_Oceanic
HGDP01190,East_Asia_America_Oceanic
HGDP01233,East_Asia_America_Oceanic
HGDP01226,East_Asia_America_Oceanic
altai363p,East_Asia_America_Oceanic
HGDP00818,East_Asia_America_Oceanic
HGDP00820,East_Asia_America_Oceanic
HGDP01098,East_Asia_America_Oceanic
HGDP01220,East_Asia_America_Oceanic
HGDP01208,East_Asia_America_Oceanic
HGDP00120,East_Asia_America_Oceanic
HGDP00812,East_Asia_America_Oceanic
HGDP01317,East_Asia_America_Oceanic
HGDP00945,East_Asia_America_Oceanic
HGDP00811,East_Asia_America_Oceanic
HGDP00813,East_Asia_America_Oceanic
HGDP00972,East_Asia_America_Oceanic
HGDP00109,East_Asia_America_Oceanic
HGDP01245,East_Asia_America_Oceanic
HGDP01184,East_Asia_America_Oceanic
HGDP01353,East_Asia_America_Oceanic
Sir40,East_Asia_America_Oceanic
HGDP01288,East_Asia_America_Oceanic
HGDP00947,East_Asia_America_Oceanic
HGDP01219,East_Asia_America_Oceanic
HGDP01230,East_Asia_America_Oceanic
HGDP01247,East_Asia_America_Oceanic
HGDP01346,East_Asia_America_Oceanic
HGDP01227,East_Asia_America_Oceanic
HGDP01322,East_Asia_America_Oceanic
HGDP00721,East_Asia_America_Oceanic
Nesk_25,East_Asia_America_Oceanic
HGDP01308,East_Asia_America_Oceanic
HGDP01207,East_Asia_America_Oceanic
Ul5,East_Asia_America_Oceanic
HGDP01243,East_Asia_America_Oceanic
HGDP00951,East_Asia_America_Oceanic
HGDP01189,East_Asia_America_Oceanic
HGDP01327,East_Asia_America_Oceanic
HGDP00750,East_Asia_America_Oceanic
HGDP01355,East_Asia_America_Oceanic
HGDP01195,East_Asia_America_Oceanic
Esk29,East_Asia_America_Oceanic
HGDP01312,East_Asia_America_Oceanic
Bishkek28439,East_Asia_America_Oceanic
HGDP00953,East_Asia_America_Oceanic
HGDP00766,East_Asia_America_Oceanic
HGDP00127,East_Asia_America_Oceanic
Kor82,East_Asia_America_Oceanic
HGDP00954,East_Asia_America_Oceanic
HGDP00822,East_Asia_America_Oceanic
Kusunda02,East_Asia_America_Oceanic
HGDP01287,East_Asia_America_Oceanic
HGDP01197,East_Asia_America_Oceanic
HGDP01333,East_Asia_America_Oceanic
HGDP00969,East_Asia_America_Oceanic
HGDP01302,East_Asia_America_Oceanic
NA13616,East_Asia_America_Oceanic
HGDP01303,East_Asia_America_Oceanic
HGDP01326,East_Asia_America_Oceanic
HGDP00962,East_Asia_America_Oceanic
HGDP01352,East_Asia_America_Oceanic
HGDP01214,East_Asia_America_Oceanic
HGDP00711,East_Asia_America_Oceanic
HGDP00779,East_Asia_America_Oceanic
HGDP01298,East_Asia_America_Oceanic
Nlk3,East_Asia_America_Oceanic
HGDP01250,East_Asia_America_Oceanic
Ul31,East_Asia_America_Oceanic
HGDP01332,East_Asia_America_Oceanic
HGDP01191,East_Asia_America_Oceanic
HGDP01341,East_Asia_America_Oceanic
HGDP01221,East_Asia_America_Oceanic
HGDP01186,East_Asia_America_Oceanic
HGDP01300,East_Asia_America_Oceanic
HGDP00977,East_Asia_America_Oceanic
HGDP01344,East_Asia_America_Oceanic
HGDP01309,East_Asia_America_Oceanic
HGDP01224,East_Asia_America_Oceanic
HGDP00760,East_Asia_America_Oceanic
HGDP00966,East_Asia_America_Oceanic
HGDP01183,East_Asia_America_Oceanic
HGDP00774,East_Asia_America_Oceanic
HGDP01349,East_Asia_America_Oceanic
HGDP01198,East_Asia_America_Oceanic
HGDP00751,East_Asia_America_Oceanic
HGDP00125,East_Asia_America_Oceanic
HGDP00099,East_Asia_America_Oceanic
HGDP01104,East_Asia_America_Oceanic
HGDP00948,East_Asia_America_Oceanic
Dus16,East_Asia_America_Oceanic
HGDP00974,East_Asia_America_Oceanic
HGDP01289,East_Asia_America_Oceanic
HGDP00791,East_Asia_America_Oceanic
HGDP01331,East_Asia_America_Oceanic
HGDP01103,East_Asia_America_Oceanic
HGDP00775,East_Asia_America_Oceanic
ND19394,East_Asia_America_Oceanic
HGDP01311,East_Asia_America_Oceanic
HGDP00764,East_Asia_America_Oceanic
HGDP01211,East_Asia_America_Oceanic
HGDP00717,East_Asia_America_Oceanic
HGDP00961,East_Asia_America_Oceanic
HGDP00967,East_Asia_America_Oceanic
Bishkek28440,East_Asia_America_Oceanic
HGDP00747,East_Asia_America_Oceanic
HGDP00110,East_Asia_America_Oceanic
HGDP00719,East_Asia_America_Oceanic
HGDP01194,East_Asia_America_Oceanic
HGDP00814,East_Asia_America_Oceanic
HGDP01293,East_Asia_America_Oceanic
HGDP00124,East_Asia_America_Oceanic
HGDP01206,East_Asia_America_Oceanic
HGDP01316,East_Asia_America_Oceanic
HGDP01315,East_Asia_America_Oceanic
HGDP00765,East_Asia_America_Oceanic
HGDP01306,East_Asia_America_Oceanic
HGDP00115,East_Asia_America_Oceanic
Nlk18,East_Asia_America_Oceanic
HGDP00767,East_Asia_America_Oceanic
Kusunda15,East_Asia_America_Oceanic
HGDP00748,East_Asia_America_Oceanic
HGDP00759,East_Asia_America_Oceanic
HGDP00753,East_Asia_America_Oceanic
Bu16,East_Asia_America_Oceanic
HGDP01180,East_Asia_America_Oceanic
Igor20,East_Asia_America_Oceanic
HGDP00968,East_Asia_America_Oceanic
HGDP01292,East_Asia_America_Oceanic
HGDP01203,East_Asia_America_Oceanic
HGDP00756,East_Asia_America_Oceanic
Nlk1,East_Asia_America_Oceanic
HGDP00819,East_Asia_America_Oceanic
HGDP01320,East_Asia_America_Oceanic
HGDP01215,East_Asia_America_Oceanic
HGDP00772,East_Asia_America_Oceanic
HGDP01314,East_Asia_America_Oceanic
Igor21,East_Asia_America_Oceanic
HGDP01216,East_Asia_America_Oceanic
HGDP00761,East_Asia_America_Oceanic
HGDP01218,East_Asia_America_Oceanic
HGDP00963,East_Asia_America_Oceanic
HGDP00100,East_Asia_America_Oceanic
HGDP01239,East_Asia_America_Oceanic
HGDP00104,East_Asia_America_Oceanic
NA00726,East_Asia_America_Oceanic
CHI-007,East_Asia_America_Oceanic
HGDP00786,East_Asia_America_Oceanic
HGDP00782,East_Asia_America_Oceanic
HGDP01099,East_Asia_America_Oceanic
HGDP01187,East_Asia_America_Oceanic
NA13604,East_Asia_America_Oceanic
HGDP00783,East_Asia_America_Oceanic
HGDP01023,East_Asia_America_Oceanic
HGDP01188,East_Asia_America_Oceanic
HGDP01351,East_Asia_America_Oceanic
HGDP01212,East_Asia_America_Oceanic
Mansi41,East_Asia_America_Oceanic
HGDP01181,East_Asia_America_Oceanic
HGDP00965,East_Asia_America_Oceanic
HGDP01225,East_Asia_America_Oceanic
HGDP01336,East_Asia_America_Oceanic
HGDP01244,East_Asia_America_Oceanic
HGDP01095,East_Asia_America_Oceanic
HGDP00757,East_Asia_America_Oceanic
HGDP01290,East_Asia_America_Oceanic
HGDP01345,East_Asia_America_Oceanic
HGDP01318,East_Asia_America_Oceanic
HGDP00768,East_Asia_America_Oceanic
HGDP01291,East_Asia_America_Oceanic
HGDP01321,East_Asia_America_Oceanic
HGDP00118,East_Asia_America_Oceanic
Ale22,East_Asia_America_Oceanic
HGDP01222,East_Asia_America_Oceanic
Ale20,East_Asia_America_Oceanic
HGDP00781,East_Asia_America_Oceanic
HGDP00863,East_Asia_America_Oceanic
HGDP00855,East_Asia_America_Oceanic
HGDP01012,East_Asia_America_Oceanic
NA11200,East_Asia_America_Oceanic
HGDP01047,East_Asia_America_Oceanic
mixe0002,East_Asia_America_Oceanic
HGDP00708,East_Asia_America_Oceanic
HGDP00864,East_Asia_America_Oceanic
HGDP00865,East_Asia_America_Oceanic
HGDP00862,East_Asia_America_Oceanic
HGDP01001,East_Asia_America_Oceanic
HGDP01014,East_Asia_America_Oceanic
HGDP00995,East_Asia_America_Oceanic
HGDP00843,East_Asia_America_Oceanic
HGDP00858,East_Asia_America_Oceanic
HGDP01059,East_Asia_America_Oceanic
HGDP00860,East_Asia_America_Oceanic
HGDP00877,East_Asia_America_Oceanic
HGDP00872,East_Asia_America_Oceanic
HGDP00845,East_Asia_America_Oceanic
HGDP00856,East_Asia_America_Oceanic
HGDP00710,East_Asia_America_Oceanic
zapo0099,East_Asia_America_Oceanic
mixe0007,East_Asia_America_Oceanic
mixa0105,East_Asia_America_Oceanic
HGDP00849,East_Asia_America_Oceanic
HGDP00857,East_Asia_America_Oceanic
HGDP01053,East_Asia_America_Oceanic
HGDP00854,East_Asia_America_Oceanic
HGDP01010,East_Asia_America_Oceanic
Peru60,East_Asia_America_Oceanic
HGDP00859,East_Asia_America_Oceanic
HGDP01050,East_Asia_America_Oceanic
HGDP01009,East_Asia_America_Oceanic
HGDP00837,East_Asia_America_Oceanic
TGBS21,East_Asia_America_Oceanic
HGDP01037,East_Asia_America_Oceanic
HGDP01056,East_Asia_America_Oceanic
HGDP00868,East_Asia_America_Oceanic
HGDP01041,East_Asia_America_Oceanic
HGDP00875,East_Asia_America_Oceanic
HGDP00873,East_Asia_America_Oceanic
HGDP00704,East_Asia_America_Oceanic
HGDP00869,East_Asia_America_Oceanic
HGDP01015,East_Asia_America_Oceanic
HGDP00999,East_Asia_America_Oceanic
mixa0099,East_Asia_America_Oceanic
HGDP01043,East_Asia_America_Oceanic
HGDP01057,East_Asia_America_Oceanic
HGDP01051,East_Asia_America_Oceanic
zapo0098,East_Asia_America_Oceanic
HGDP00970,East_Asia_America_Oceanic
HGDP00846,East_Asia_America_Oceanic
HGDP00852,East_Asia_America_Oceanic
HGDP01019,East_Asia_America_Oceanic
HGDP01055,East_Asia_America_Oceanic
HGDP01060,East_Asia_America_Oceanic
HGDP01013,East_Asia_America_Oceanic
HGDP00870,East_Asia_America_Oceanic
HGDP01044,East_Asia_America_Oceanic
HGDP00832,East_Asia_America_Oceanic
HGDP01006,East_Asia_America_Oceanic
HGDP00861,East_Asia_America_Oceanic
NA11201,East_Asia_America_Oceanic
HGDP01018,East_Asia_America_Oceanic
HGDP00876,East_Asia_America_Oceanic
HGDP00871,East_Asia_America_Oceanic
HGDP00706,East_Asia_America_Oceanic
HGDP01058,East_Asia_America_Oceanic
HGDP00838,East_Asia_America_Oceanic
HGDP00703,East_Asia_America_Oceanic
mixe0042,East_Asia_America_Oceanic
HGDP00702,East_Asia_America_Oceanic
HGDP00546,East_Asia_America_Oceanic
IHW9118,East_Asia_America_Oceanic
HGDP00788,East_Asia_America_Oceanic
HGDP00787,East_Asia_America_Oceanic
HGDP00556,East_Asia_America_Oceanic
IHW9193,East_Asia_America_Oceanic
HGDP00550,East_Asia_America_Oceanic
HGDP00656,East_Asia_America_Oceanic
HGDP00551,East_Asia_America_Oceanic
HGDP00823,East_Asia_America_Oceanic
HGDP01027,East_Asia_America_Oceanic
HGDP00545,East_Asia_America_Oceanic
HGDP00544,East_Asia_America_Oceanic
HGDP00655,East_Asia_America_Oceanic
HGDP00540,East_Asia_America_Oceanic
HGDP00549,East_Asia_America_Oceanic
HGDP00662,East_Asia_America_Oceanic
HGDP00553,East_Asia_America_Oceanic
HGDP00542,East_Asia_America_Oceanic
HGDP00661,East_Asia_America_Oceanic
HGDP00664,East_Asia_America_Oceanic
HGDP00491,East_Asia_America_Oceanic
HGDP00660,East_Asia_America_Oceanic
HGDP00490,East_Asia_America_Oceanic
HGDP00548,East_Asia_America_Oceanic
HGDP00554,East_Asia_America_Oceanic
HGDP00552,East_Asia_America_Oceanic
HGDP00541,East_Asia_America_Oceanic
HGDP00555,East_Asia_America_Oceanic
HGDP00663,East_Asia_America_Oceanic
HGDP00547,East_Asia_America_Oceanic
HGDP00543,East_Asia_America_Oceanic
HGDP00798,MIX
HGDP00205,MIX
HGDP00628,MIX
HGDP00668,MIX
HGDP00684,MIX
HGDP00239,MIX
HGDP00328,MIX
HGDP00070,MIX
HGDP00309,MIX
HGDP01400,MIX
K1,MIX
HGDP01361,MIX
HGDP00806,MIX
HGDP00068,MIX
HGDP01268,MIX
I3,MIX
NorthOssetia5,MIX
HGDP01267,MIX
HGDP00599,MIX
HGDP01166,MIX
HGDP00900,MIX
HGDP00031,MIX
HGDP00666,MIX
HGDP00591,MIX
HGDP01167,MIX
HGDP00017,MIX
HGDP01358,MIX
HGDP00730,MIX
HGDP01371,MIX
HGDP01152,MIX
HGDP01378,MIX
HGDP00620,MIX
HGDP00613,MIX
HGDP00037,MIX
HGDP01403,MIX
HGDP01171,MIX
HGDP00643,MIX
HGDP00563,MIX
HGDP01375,MIX
HGDP00150,MIX
HGDP00412,MIX
HGDP00598,MIX
HGDP00027,MIX
HGDP01076,MIX
Jordan214,MIX
HGDP00129,MIX
HGDP00013,MIX
HGDP00351,MIX
HGDP00631,MIX
HGDP01164,MIX
HGDP00513,MIX
HGDP00637,MIX
abh107,MIX
HGDP01382,MIX
KD4,MIX
HGDP01367,MIX
HGDP01266,MIX
HGDP00179,MIX
HGDP01357,MIX
HGDP00803,MIX
HGDP00531,MIX
HGDP00692,MIX
HGDP00574,MIX
HGDP01380,MIX
HGDP00530,MIX
HGDP01258,MIX
HGDP00614,MIX
HGDP00258,MIX
HGDP00583,MIX
HGDP00359,MIX
HGDP01077,MIX
HGDP00895,MIX
HGDP01070,MIX
HGDP00254,MIX
B11,MIX
HGDP01177,MIX
NA15203,MIX
HGDP01280,MIX
HGDP00049,MIX
HGDP00649,MIX
HGDP01262,MIX
HGDP01376,MIX
HGDP01149,MIX
BulgarianC1,MIX
HGDP00149,MIX
IraqiJew1771,MIX
HGDP00679,MIX
HGDP00005,MIX
HGDP00524,MIX
HGDP00058,MIX
HGDP00311,MIX
HGDP00035,MIX
SAH31,MIX
HGDP00735,MIX
HGDP00616,MIX
HGDP00206,MIX
HGDP00697,MIX
Sam02,MIX
abh100,MIX
HGDP00130,MIX
HGDP00140,MIX
HGDP00645,MIX
HGDP01368,MIX
HGDP00897,MIX
HGDP00727,MIX
HGDP00889,MIX
HGDP00629,MIX
HGDP00691,MIX
HGDP00671,MIX
HGDP00670,MIX
YemeniteJew5433,MIX
iran17,MIX
HGDP00175,MIX
HGDP00445,MIX
HGDP00141,MIX
HGDP00527,MIX
HGDP00588,MIX
HGDP01256,MIX
HGDP00737,MIX
HGDP00884,MIX
HGDP00074,MIX
HGDP00533,MIX
HGDP00392,MIX
HGDP00011,MIX
HGDP00627,MIX
HGDP00218,MIX
HGDP00612,MIX
HGDP00213,MIX
HGDP00241,MIX
HGDP00808,MIX
HGDP01373,MIX
HGDP00893,MIX
HGDP00078,MIX
HGDP00883,MIX
HGDP00699,MIX
HGDP00376,MIX
HGDP00529,MIX
HGDP01383,MIX
HGDP00041,MIX
HGDP00397,MIX
HGDP01398,MIX
HGDP00094,MIX
HGDP01079,MIX
HGDP01064,MIX
HGDP00515,MIX
NOR111,MIX
HGDP01264,MIX
HGDP00226,MIX
HGDP01071,MIX
HGDP00600,MIX
HGDP00560,MIX
HGDP00321,MIX
HGDP00146,MIX
HGDP00388,MIX
HGDP00285,MIX
HGDP00538,MIX
HGDP00689,MIX
HGDP00898,MIX
HGDP00886,MIX
HGDP00732,MIX
HGDP00230,MIX
HGDP00667,MIX
HGDP00741,MIX
HGDP00341,MIX
HGDP00630,MIX
Utsa21,MIX
HGDP00511,MIX
HGDP00636,MIX
HGDP00805,MIX
HGDP01172,MIX
HGDP00604,MIX
HGDP00619,MIX
HGDP00019,MIX
HGDP01168,MIX
R3,MIX
HGDP00677,MIX
HGDP00372,MIX
HGDP00330,MIX
HGDP01157,MIX
tdj430_shugnan,MIX
HGDP00526,MIX
HGDP00136,MIX
HGDP00595,MIX
HGDP00646,MIX
HGDP00796,MIX
Armenian222,MIX
HGDP00558,MIX
HGDP00745,MIX
HGDP00561,MIX
HGDP00522,MIX
HGDP00092,MIX
ALB212,MIX
HGDP00181,MIX
HGDP00304,MIX
HGDP00214,MIX
HGDP00567,MIX
HGDP00302,MIX
HGDP00901,MIX
HGDP00882,MIX
HGDP00512,MIX
HGDP00680,MIX
HGDP00517,MIX
HGDP01065,MIX
HGDP00736,MIX
HGDP00698,MIX
mg31,MIX
AV-21,MIX
HGDP00333,MIX
HGDP00025,MIX
HGDP00804,MIX
HGDP00407,MIX
HGDP00319,MIX
HGDP00722,MIX
NA15728,MIX
HGDP01255,MIX
HGDP01067,MIX
HGDP01369,MIX
HGDP00740,MIX
HGDP00064,MIX
HGDP00098,MIX
HGDP00634,MIX
HGDP00584,MIX
HGDP00520,MIX
HGDP00428,MIX
HGDP00611,MIX
HGDP00638,MIX
HGDP01271,MIX
HGDP00224,MIX
HGDP00581,MIX
HGDP00632,MIX
HGDP00135,MIX
HGDP00676,MIX
HGDP01174,MIX
HGDP00243,MIX
HGDP00281,MIX
HGDP00248,MIX
K4,MIX
HGDP00726,MIX
HGDP00023,MIX
HGDP00208,MIX
HGDP00582,MIX
HGDP00635,MIX
HGDP01275,MIX
HGDP00903,MIX
HGDP01276,MIX
NA15202,MIX
HGDP00534,MIX
HGDP00244,MIX
HGDP00277,MIX
HGDP00274,MIX
HGDP00167,MIX
HGDP01261,MIX
HGDP00001,MIX
HGDP00894,MIX
HGDP01379,MIX
HGDP00794,MIX
BulgarianB4,MIX
I1,MIX
HGDP00155,MIX
HGDP00890,MIX
HGDP00580,MIX
HGDP01374,MIX
HGDP00518,MIX
HGDP00642,MIX
HGDP00148,MIX
tdj409_shugnan,MIX
HGDP01068,MIX
HGDP00608,MIX
HGDP00615,MIX
B17,MIX
HGDP00688,MIX
HGDP00262,MIX
HGDP00879,MIX
HGDP00685,MIX
HGDP00131,MIX
HGDP00003,MIX
HGDP00701,MIX
HGDP00888,MIX
HGDP00185,MIX
HGDP01362,MIX
HGDP01063,MIX
HGDP01069,MIX
HGDP00228,MIX
HGDP00641,MIX
HGDP00199,MIX
HGDP01366,MIX
HGDP00566,MIX
HGDP00625,MIX
HGDP00163,MIX
HGDP00043,MIX
HGDP00571,MIX
HGDP00892,MIX
HGDP01397,MIX
HGDP00601,MIX
HGDP01263,MIX
NA15763,MIX
HGDP01253,MIX
Y4,MIX
HGDP00639,MIX
HGDP01359,MIX
IraqiJew4291,MIX
HGDP01370,MIX
HGDP00723,MIX
HGDP01161,MIX
HGDP00290,MIX
HGDP00143,MIX
HGDP01269,MIX
HGDP00090,MIX
HGDP00623,MIX
HGDP00139,MIX
HGDP00191,MIX
Kayseri24424,MIX
HGDP00678,MIX
lez42,MIX
HGDP00577,MIX
HGDP01254,MIX
HGDP00151,MIX
HGDP00444,MIX
HGDP01260,MIX
HGDP00356,MIX
Utsa22,MIX
Y8,MIX
HGDP00525,MIX
HGDP00696,MIX
armenia293,MIX
HGDP01074,MIX
HGDP01156,MIX
HGDP00672,MIX
HGDP00251,MIX
HGDP00177,MIX
HGDP00594,MIX
HGDP00673,MIX
HGDP00690,MIX
HGDP00568,MIX
HGDP00216,MIX
HGDP00364,MIX
HGDP00686,MIX
HGDP00609,MIX
HGDP00009,MIX
HGDP01381,MIX
HGDP00562,MIX
HGDP01364,MIX
HGDP00056,MIX
HGDP00288,MIX
HGDP00565,MIX
HGDP00618,MIX
HGDP00669,MIX
NorthOssetia12,MIX
HGDP01282,MIX
HGDP01404,MIX
HGDP00682,MIX
HGDP00575,MIX
HGDP01169,MIX
HGDP00039,MIX
HGDP00047,MIX
HGDP00569,MIX
HGDP00650,MIX
HGDP00572,MIX
HGDP00640,MIX
HGDP00810,MIX
HGDP01273,MIX
HGDP01372,MIX
HGDP00144,MIX
HGDP01173,MIX
HGDP00171,MIX
HGDP00573,MIX
HGDP00733,MIX
HGDP00237,MIX
HGDP00885,MIX
HGDP00279,MIX
lez49,MIX
HGDP00183,MIX
HGDP00607,MIX
HGDP00902,MIX
ch113,MIX
HGDP00624,MIX
HGDP01257,MIX
HGDP01384,MIX
HGDP00597,MIX
iran11,MIX
HGDP01274,MIX
HGDP00724,MIX
HGDP01363,MIX
HGDP00729,MIX
HGDP00675,MIX
HGDP00899,MIX
HGDP00687,MIX
HGDP00644,MIX
HGDP00157,MIX
Jordan603,MIX
HGDP00054,MIX
HGDP00346,MIX
HGDP01259,MIX
TZ-11,MIX
HGDP00693,MIX
HGDP00045,MIX
Est375,MIX
HGDP00694,MIX
HGDP00072,MIX
HGDP00539,MIX
HGDP00307,MIX
YemeniteJew4695,MIX
HGDP01265,MIX
HGDP01073,MIX
HGDP00286,MIX
HGDP00371,MIX
HGDP00173,MIX
HGDP01078,MIX
HGDP00057,MIX
HGDP00880,MIX
HGDP00674,MIX
HGDP00610,MIX
HGDP01365,MIX
HGDP00222,MIX
HGDP00187,MIX
HGDP00746,MIX
HGDP00062,MIX
HGDP00896,MIX
HGDP01153,MIX
M4,MIX
HGDP01163,MIX
HGDP01387,MIX
HGDP00438,MIX
HGDP00536,MIX
HGDP00197,MIX
HGDP00060,MIX
HGDP00313,MIX
HGDP00744,MIX
NA17377,MIX
HGDP01402,MIX
HGDP01396,MIX
HGDP00201,MIX
HGDP00891,MIX
HGDP00315,MIX
HGDP01155,MIX
HGDP00738,MIX
HGDP00725,MIX
HGDP00298,MIX
HGDP01272,MIX
HGDP00519,MIX
HGDP00158,MIX
HGDP00192,MIX
HGDP01388,MIX
HGDP01401,MIX
HGDP00080,MIX
HGDP00626,MIX
HGDP00133,MIX
HGDP01075,MIX
HGDP00799,MIX
HGDP00731,MIX
HGDP00557,MIX
HGDP00739,MIX
HGDP01072,MIX
HGDP00622,MIX
HGDP01386,MIX
HGDP00402,MIX
HGDP00029,MIX
HGDP00137,MIX
HGDP00654,MIX
SAH41,MIX
HGDP00516,MIX
HGDP00015,MIX
HGDP01162,MIX
HGDP00795,MIX
NA17374,MIX
HGDP00535,MIX
HGDP01385,MIX
HGDP00189,MIX
HGDP00066,MIX
HGDP00700,MIX
HGDP00082,MIX
HGDP00382,MIX
HGDP01062,MIX
HGDP00160,MIX
HGDP00576,MIX
HGDP00086,MIX
HGDP01277,MIX
HGDP00537,MIX
HGDP00234,MIX
HGDP00800,MIX
HGDP00590,MIX
HGDP00021,MIX
HGDP00528,MIX
HGDP01279,MIX
NA15761,MIX
HGDP01399,MIX
HGDP00007,MIX
HGDP00651,MIX
R6,MIX
HGDP01377,MIX
HGDP00881,MIX
HGDP01151,MIX
HGDP00564,MIX
HGDP00423,MIX
HGDP00161,MIX
HGDP00153,MIX
Est400,MIX
HGDP00647,MIX
HGDP00807,MIX
HGDP00586,MIX
HGDP01360,MIX
HGDP00433,MIX
HGDP00259,MIX
HGDP00195,MIX
HGDP00210,MIX
HGDP01066,MIX
HGDP00578,MIX
HGDP00076,MIX
HGDP00033,MIX
HGDP00169,MIX
HGDP00323,MIX
HGDP00145,MIX
HGDP00417,MIX
HGDP00326,MIX
HGDP00232,MIX
HGDP00052,MIX
HGDP00134,MIX
mg27,MIX
HGDP00247,MIX
HGDP00587,MIX
HGDP00338,MIX
HGDP00579,MIX
HGDP00165,MIX
HGDP00088,MIX
Jordan445,MIX
HGDP00523,MIX
HGDP00264,MIX
HGDP00602,MIX
HGDP00096,MIX
HGDP00648,MIX
HGDP00734,MIX
HGDP00606,MIX
HGDP00802,MIX
HGDP00797,MIX
HGDP00653,MIX
ND15865,MIX
HGDP00683,MIX
HGDP00559,MIX
HGDP00514,MIX
HGDP00154,MIX
Kayseri23827,MIX
HG03007,South_Asia.1
HG03006,South_Asia.1
HG03009,South_Asia.1
HG03008,South_Asia.1
HG03617,South_Asia.1
HG03585,South_Asia.1
HG03600,South_Asia.1
HG03605,South_Asia.1
HG03787,South_Asia.1
HG03794,South_Asia.1
HG03799,South_Asia.1
HG03802,South_Asia.1
HG03807,South_Asia.1
HG03732,South_Asia.1
HG03744,South_Asia.1
HG03756,South_Asia.1
HG03869,South_Asia.1
HG03871,South_Asia.1
HG03888,South_Asia.1
HG03890,South_Asia.1
HG03895,South_Asia.1
HG03643,South_Asia.1
HG03589,South_Asia.1
HG03679,South_Asia.1
HG03596,South_Asia.1
HG03681,South_Asia.1
HG03713,South_Asia.1
HG03718,South_Asia.1
HG03720,South_Asia.1
HG03838,South_Asia.1
HG03857,South_Asia.1
HG03864,South_Asia.1
HG03770,South_Asia.1
HG03775,South_Asia.1
HG03604,South_Asia.1
HG03782,South_Asia.1
HG03611,South_Asia.1
HG03686,South_Asia.1
HG03616,South_Asia.1
HG03693,South_Asia.1
HG03779,South_Asia.1
HG03698,South_Asia.1
HG03781,South_Asia.1
HG03786,South_Asia.1
HG03814,South_Asia.1
HG03793,South_Asia.1
HG03821,South_Asia.1
HG03798,South_Asia.1
HG03826,South_Asia.1
HG03801,South_Asia.1
HG03833,South_Asia.1
HG03832,South_Asia.1
HG04076,South_Asia.1
HG03837,South_Asia.1
HG04090,South_Asia.1
HG03844,South_Asia.1
HG04115,South_Asia.1
HG03849,South_Asia.1
HG04122,South_Asia.1
HG03851,South_Asia.1
HG04127,South_Asia.1
HG03856,South_Asia.1
HG04134,South_Asia.1
HG03697,South_Asia.1
HG04204,South_Asia.1
HG04209,South_Asia.1
HG04211,South_Asia.1
HG03717,South_Asia.1
HG04216,South_Asia.1
HG03755,South_Asia.1
HG04228,South_Asia.1
HG04235,South_Asia.1
HG03774,South_Asia.1
HG03908,South_Asia.1
HG03910,South_Asia.1
HG03642,South_Asia.1
HG03915,South_Asia.1
HG03922,South_Asia.1
HG03863,South_Asia.1
HG04141,South_Asia.1
HG03868,South_Asia.1
HG04146,South_Asia.1
HG03870,South_Asia.1
HG04153,South_Asia.1
HG03875,South_Asia.1
HG04158,South_Asia.1
HG03882,South_Asia.1
HG04160,South_Asia.1
HG03887,South_Asia.1
HG03953,South_Asia.1
HG03673,South_Asia.1
HG03960,South_Asia.1
HG03680,South_Asia.1
HG03965,South_Asia.1
HG03685,South_Asia.1
HG03692,South_Asia.1
HG03977,South_Asia.1
HG03729,South_Asia.1
HG03989,South_Asia.1
HG03731,South_Asia.1
HG03991,South_Asia.1
HG03736,South_Asia.1
HG04002,South_Asia.1
HG03743,South_Asia.1
HG04014,South_Asia.1
HG03750,South_Asia.1
HG04019,South_Asia.1
HG03806,South_Asia.1
HG04026,South_Asia.1
HG04033,South_Asia.1
HG03825,South_Asia.1
HG04177,South_Asia.1
HG04063,South_Asia.1
HG04184,South_Asia.1
HG04070,South_Asia.1
HG04189,South_Asia.1
HG04075,South_Asia.1
HG04191,South_Asia.1
HG04094,South_Asia.1
HG03927,South_Asia.1
HG04099,South_Asia.1
HG03934,South_Asia.1
HG04107,South_Asia.1
HG03941,South_Asia.1
HG04038,South_Asia.1
HG03990,South_Asia.1
HG03995,South_Asia.1
HG04001,South_Asia.1
HG04006,South_Asia.1
HG04018,South_Asia.1
HG04020,South_Asia.1
HG03894,South_Asia.1
HG03899,South_Asia.1
HG03902,South_Asia.1
HG03907,South_Asia.1
HG03914,South_Asia.1
HG04195,South_Asia.1
HG04210,South_Asia.1
HG04215,South_Asia.1
HG04164,South_Asia.1
HG04171,South_Asia.1
HG04176,South_Asia.1
HG04183,South_Asia.1
HG04188,South_Asia.1
HG04133,South_Asia.1
HG04140,South_Asia.1
HG04152,South_Asia.1
HG04157,South_Asia.1
HG03919,South_Asia.1
HG03926,South_Asia.1
HG03940,South_Asia.1
HG03945,South_Asia.1
HG03969,South_Asia.1
HG03971,South_Asia.1
HG03976,South_Asia.1
HG04025,South_Asia.1
HG04056,South_Asia.1
HG04222,South_Asia.1
HG04227,South_Asia.1
HG04239,South_Asia.1
HG03012,South_Asia.1
HG03606,South_Asia.1
HG03593,South_Asia.1
HG03598,South_Asia.1
HG03714,South_Asia.1
HG03719,South_Asia.1
HG03721,South_Asia.1
HG03644,South_Asia.1
HG03595,South_Asia.1
HG03788,South_Asia.1
HG03603,South_Asia.1
HG03790,South_Asia.1
HG03615,South_Asia.1
HG03795,South_Asia.1
HG03803,South_Asia.1
HG03757,South_Asia.1
HG03771,South_Asia.1
HG03834,South_Asia.1
HG03846,South_Asia.1
HG03858,South_Asia.1
HG03808,South_Asia.1
HG03815,South_Asia.1
HG03682,South_Asia.1
HG03687,South_Asia.1
HG03694,South_Asia.1
HG03733,South_Asia.1
HG03738,South_Asia.1
HG03740,South_Asia.1
HG03745,South_Asia.1
HG03752,South_Asia.1
HG03872,South_Asia.1
HG03884,South_Asia.1
HG03812,South_Asia.1
HG04200,South_Asia.1
HG03817,South_Asia.1
HG04212,South_Asia.1
HG03824,South_Asia.1
HG04217,South_Asia.1
HG03829,South_Asia.1
HG03896,South_Asia.1
HG03831,South_Asia.1
HG03904,South_Asia.1
HG03836,South_Asia.1
HG03909,South_Asia.1
HG03911,South_Asia.1
HG03916,South_Asia.1
HG03711,South_Asia.1
HG03992,South_Asia.1
HG03716,South_Asia.1
HG04003,South_Asia.1
HG04015,South_Asia.1
HG03730,South_Asia.1
HG04022,South_Asia.1
HG03742,South_Asia.1
HG04161,South_Asia.1
HG03754,South_Asia.1
HG04173,South_Asia.1
HG04180,South_Asia.1
HG04185,South_Asia.1
HG03773,South_Asia.1
HG04192,South_Asia.1
HG03778,South_Asia.1
HG04135,South_Asia.1
HG03780,South_Asia.1
HG04142,South_Asia.1
HG03785,South_Asia.1
HG04147,South_Asia.1
HG03792,South_Asia.1
HG04159,South_Asia.1
HG03797,South_Asia.1
HG03928,South_Asia.1
HG03800,South_Asia.1
HG03930,South_Asia.1
HG03805,South_Asia.1
HG03942,South_Asia.1
HG03646,South_Asia.1
HG04039,South_Asia.1
HG03672,South_Asia.1
HG04060,South_Asia.1
HG03684,South_Asia.1
HG03947,South_Asia.1
HG03689,South_Asia.1
HG03973,South_Asia.1
HG03691,South_Asia.1
HG03978,South_Asia.1
HG03696,South_Asia.1
HG03985,South_Asia.1
HG04096,South_Asia.1
HG03848,South_Asia.1
HG03850,South_Asia.1
HG03862,South_Asia.1
HG03867,South_Asia.1
HG04036,South_Asia.1
HG04062,South_Asia.1
HG04093,South_Asia.1
HG04098,South_Asia.1
HG04106,South_Asia.1
HG04118,South_Asia.1
HG04132,South_Asia.1
HG04175,South_Asia.1
HG04182,South_Asia.1
HG04187,South_Asia.1
HG04194,South_Asia.1
HG04199,South_Asia.1
HG03925,South_Asia.1
HG03937,South_Asia.1
HG03944,South_Asia.1
HG03949,South_Asia.1
HG03999,South_Asia.1
HG04017,South_Asia.1
HG04029,South_Asia.1
HG03874,South_Asia.1
HG03886,South_Asia.1
HG03898,South_Asia.1
HG04144,South_Asia.1
HG04149,South_Asia.1
HG04151,South_Asia.1
HG04156,South_Asia.1
HG03906,South_Asia.1
HG03913,South_Asia.1
HG03920,South_Asia.1
HG03951,South_Asia.1
HG03963,South_Asia.1
HG03968,South_Asia.1
HG04229,South_Asia.1
HG04202,South_Asia.1
HG04214,South_Asia.1
HG04219,South_Asia.1
HG04238,South_Asia.1
HG03607,South_Asia.1
HG03594,South_Asia.1
HG03683,South_Asia.1
HG03688,South_Asia.1
HG03690,South_Asia.1
HG03695,South_Asia.1
HG03645,South_Asia.1
HG03722,South_Asia.1
HG03727,South_Asia.1
HG03741,South_Asia.1
HG03746,South_Asia.1
HG03753,South_Asia.1
HG03760,South_Asia.1
HG03772,South_Asia.1
HG03777,South_Asia.1
HG03809,South_Asia.1
HG03816,South_Asia.1
HG03823,South_Asia.1
HG03830,South_Asia.1
HG03784,South_Asia.1
HG03789,South_Asia.1
HG03796,South_Asia.1
HG03804,South_Asia.1
HG03950,South_Asia.1
HG03955,South_Asia.1
HG03967,South_Asia.1
HG03974,South_Asia.1
HG03854,South_Asia.1
HG03861,South_Asia.1
HG03929,South_Asia.1
HG03931,South_Asia.1
HG03943,South_Asia.1
HG03897,South_Asia.1
HG03900,South_Asia.1
HG03905,South_Asia.1
HG03917,South_Asia.1
HG04035,South_Asia.1
HG04042,South_Asia.1
HG04047,South_Asia.1
HG04054,South_Asia.1
HG04059,South_Asia.1
HG04061,South_Asia.1
HG04080,South_Asia.1
HG04100,South_Asia.1
HG04131,South_Asia.1
HG04136,South_Asia.1
HG04148,South_Asia.1
HG04150,South_Asia.1
HG04155,South_Asia.1
HG03866,South_Asia.1
HG03873,South_Asia.1
HG03885,South_Asia.1
HG03986,South_Asia.1
HG03998,South_Asia.1
HG04023,South_Asia.1
HG04162,South_Asia.1
HG04174,South_Asia.1
HG04186,South_Asia.1
HG04193,South_Asia.1
HG04198,South_Asia.1
HG04206,South_Asia.1
HG04225,South_Asia.1
HG02783,South_Asia.2
HG02790,South_Asia.2
HG02494,South_Asia.2
HG02724,South_Asia.2
HG01589,South_Asia.2
HG01583,South_Asia.2
HG02784,South_Asia.2
HG02789,South_Asia.2
HG02791,South_Asia.2
HG02493,South_Asia.2
HG02688,South_Asia.2
HG02733,South_Asia.2
HG02690,South_Asia.2
HG02738,South_Asia.2
HG02727,South_Asia.2
HG02602,South_Asia.2
HG02776,South_Asia.2
HG02652,South_Asia.2
HG02492,South_Asia.2
HG02788,South_Asia.2
HG02657,South_Asia.2
HG02683,South_Asia.2
HG02601,South_Asia.2
HG02649,South_Asia.2
HG02651,South_Asia.2
HG02656,South_Asia.2
HG02682,South_Asia.2
HG02687,South_Asia.2
HG02694,South_Asia.2
HG02699,South_Asia.2
HG03016,South_Asia.2
HG02726,South_Asia.2
HG03237,South_Asia.2
HG03229,South_Asia.2
HG03236,South_Asia.2
HG03489,South_Asia.2
HG03491,South_Asia.2
HG03015,South_Asia.2
HG03022,South_Asia.2
HG03624,South_Asia.2
HG03629,South_Asia.2
HG03631,South_Asia.2
HG03636,South_Asia.2
HG03488,South_Asia.2
HG03490,South_Asia.2
HG03650,South_Asia.2
HG03667,South_Asia.2
HG03706,South_Asia.2
HG03763,South_Asia.2
HG03701,South_Asia.2
HG03700,South_Asia.2
HG03705,South_Asia.2
HG03762,South_Asia.2
HG03767,South_Asia.2
HG03635,South_Asia.2
HG03654,South_Asia.2
NA20845,South_Asia.2
NA20852,South_Asia.2
NA20864,South_Asia.2
NA20869,South_Asia.2
NA20876,South_Asia.2
NA20908,South_Asia.2
NA20910,South_Asia.2
NA21088,South_Asia.2
NA21090,South_Asia.2
NA21095,South_Asia.2
NA20888,South_Asia.2
NA20890,South_Asia.2
NA20895,South_Asia.2
NA20903,South_Asia.2
NA21127,South_Asia.2
NA20849,South_Asia.2
NA20851,South_Asia.2
NA21141,South_Asia.2
NA20856,South_Asia.2
NA21103,South_Asia.2
NA21126,South_Asia.2
NA21108,South_Asia.2
NA21133,South_Asia.2
NA21110,South_Asia.2
NA21115,South_Asia.2
NA21122,South_Asia.2
NA21102,South_Asia.2
NA21107,South_Asia.2
NA21114,South_Asia.2
NA21119,South_Asia.2
NA20863,South_Asia.2
NA20868,South_Asia.2
NA20870,South_Asia.2
NA20875,South_Asia.2
NA20882,South_Asia.2
NA21087,South_Asia.2
NA21094,South_Asia.2
NA21099,South_Asia.2
NA20887,South_Asia.2
NA20894,South_Asia.2
NA20899,South_Asia.2
NA20902,South_Asia.2
HG02603,South_Asia.2
HG02653,South_Asia.2
HG02778,South_Asia.2
HG02780,South_Asia.2
HG02600,South_Asia.2
HG02785,South_Asia.2
HG02605,South_Asia.2
HG02691,South_Asia.2
HG02696,South_Asia.2
HG02728,South_Asia.2
HG02648,South_Asia.2
HG02650,South_Asia.2
HG02792,South_Asia.2
HG02597,South_Asia.2
HG02655,South_Asia.2
HG02681,South_Asia.2
HG02686,South_Asia.2
HG02658,South_Asia.2
HG02491,South_Asia.2
HG02660,South_Asia.2
HG02737,South_Asia.2
HG02684,South_Asia.2
HG02689,South_Asia.2
HG02775,South_Asia.2
HG03017,South_Asia.2
HG02698,South_Asia.2
HG02701,South_Asia.2
HG02725,South_Asia.2
HG03019,South_Asia.2
HG03021,South_Asia.2
HG03238,South_Asia.2
HG02787,South_Asia.2
HG02794,South_Asia.2
HG02821,South_Asia.2
HG01586,South_Asia.2
HG01593,South_Asia.2
HG03492,South_Asia.2
HG03228,South_Asia.2
HG03618,South_Asia.2
HG03620,South_Asia.2
HG03625,South_Asia.2
HG03230,South_Asia.2
HG03699,South_Asia.2
HG03235,South_Asia.2
HG03702,South_Asia.2
HG03707,South_Asia.2
HG03487,South_Asia.2
HG03649,South_Asia.2
HG03651,South_Asia.2
HG03663,South_Asia.2
HG03668,South_Asia.2
HG03704,South_Asia.2
HG03709,South_Asia.2
HG03761,South_Asia.2
HG03653,South_Asia.2
HG03660,South_Asia.2
HG03634,South_Asia.2
HG03639,South_Asia.2
HG03641,South_Asia.2
HG02604,South_Asia.2
HG02654,South_Asia.2
HG02659,South_Asia.2
HG02661,South_Asia.2
HG02685,South_Asia.2
HG02692,South_Asia.2
HG02697,South_Asia.2
HG02700,South_Asia.2
HG02729,South_Asia.2
HG02731,South_Asia.2
HG02490,South_Asia.2
HG02495,South_Asia.2
HG02786,South_Asia.2
HG02793,South_Asia.2
HG03018,South_Asia.2
HG02736,South_Asia.2
HG02774,South_Asia.2
HG03234,South_Asia.2
HG03239,South_Asia.2
HG03619,South_Asia.2
HG03626,South_Asia.2
HG03633,South_Asia.2
HG03640,South_Asia.2
HG03652,South_Asia.2
HG03669,South_Asia.2
HG03703,South_Asia.2
HG03708,South_Asia.2
HG03710,South_Asia.2
HG03765,South_Asia.2
NA21135,South_Asia.2
NA21142,South_Asia.2
NA20891,South_Asia.2
NA20896,South_Asia.2
NA20904,South_Asia.2
NA20911,South_Asia.2
NA21109,South_Asia.2
NA21111,South_Asia.2
NA21116,South_Asia.2
NA21123,South_Asia.2
NA21128,South_Asia.2
NA21130,South_Asia.2
NA20846,South_Asia.2
NA20853,South_Asia.2
NA20858,South_Asia.2
NA20872,South_Asia.2
NA20877,South_Asia.2
NA20884,South_Asia.2
NA20889,South_Asia.2
NA21089,South_Asia.2
NA21091,South_Asia.2
NA21104,South_Asia.2
NA20850,South_Asia.2
NA21125,South_Asia.2
NA21137,South_Asia.2
NA21144,South_Asia.2
NA20862,South_Asia.2
NA20867,South_Asia.2
NA20874,South_Asia.2
NA20881,South_Asia.2
NA20886,South_Asia.2
NA20901,South_Asia.2
NA20906,South_Asia.2
NA21086,South_Asia.2
NA21093,South_Asia.2
NA21098,South_Asia.2
NA21101,South_Asia.2
NA21106,South_Asia.2
NA21113,South_Asia.2
NA21118,South_Asia.2
NA21120,South_Asia.2
NA20847,South_Asia.2
NA20854,South_Asia.2
NA20859,South_Asia.2
NA20861,South_Asia.2
NA20866,South_Asia.2
NA20892,South_Asia.2
NA20897,South_Asia.2
NA20900,South_Asia.2
NA20905,South_Asia.2
NA21092,South_Asia.2
NA21097,South_Asia.2
NA21100,South_Asia.2
NA21105,South_Asia.2
NA20878,South_Asia.2
NA20885,South_Asia.2
NA21143,South_Asia.2
NA21112,South_Asia.2
NA21117,South_Asia.2
NA21124,South_Asia.2
NA21129,South_Asia.2
HG00096,West_Eurasia.1
HG00097,West_Eurasia.1
HG00099,West_Eurasia.1
HG00100,West_Eurasia.1
HG00101,West_Eurasia.1
HG00102,West_Eurasia.1
HG00103,West_Eurasia.1
HG00105,West_Eurasia.1
HG00106,West_Eurasia.1
HG00107,West_Eurasia.1
HG00108,West_Eurasia.1
HG00109,West_Eurasia.1
HG00110,West_Eurasia.1
HG00111,West_Eurasia.1
HG00112,West_Eurasia.1
HG00113,West_Eurasia.1
HG00114,West_Eurasia.1
HG00115,West_Eurasia.1
HG00116,West_Eurasia.1
HG00117,West_Eurasia.1
HG00118,West_Eurasia.1
HG00119,West_Eurasia.1
HG00120,West_Eurasia.1
HG00121,West_Eurasia.1
HG00122,West_Eurasia.1
HG00123,West_Eurasia.1
HG00125,West_Eurasia.1
HG00126,West_Eurasia.1
HG00127,West_Eurasia.1
HG00128,West_Eurasia.1
HG00129,West_Eurasia.1
HG00130,West_Eurasia.1
HG00131,West_Eurasia.1
HG00132,West_Eurasia.1
HG00133,West_Eurasia.1
HG00136,West_Eurasia.1
HG00137,West_Eurasia.1
HG00138,West_Eurasia.1
HG00139,West_Eurasia.1
HG00140,West_Eurasia.1
HG00141,West_Eurasia.1
HG00142,West_Eurasia.1
HG00143,West_Eurasia.1
HG00145,West_Eurasia.1
HG00146,West_Eurasia.1
HG00148,West_Eurasia.1
HG00149,West_Eurasia.1
HG00150,West_Eurasia.1
HG00151,West_Eurasia.1
HG00154,West_Eurasia.1
HG00155,West_Eurasia.1
HG00157,West_Eurasia.1
HG00158,West_Eurasia.1
HG00159,West_Eurasia.1
HG00160,West_Eurasia.1
HG00231,West_Eurasia.1
HG00232,West_Eurasia.1
HG00233,West_Eurasia.1
HG00234,West_Eurasia.1
HG00235,West_Eurasia.1
HG00236,West_Eurasia.1
HG00237,West_Eurasia.1
HG00238,West_Eurasia.1
HG00239,West_Eurasia.1
HG00240,West_Eurasia.1
HG00242,West_Eurasia.1
HG00243,West_Eurasia.1
HG00244,West_Eurasia.1
HG00245,West_Eurasia.1
HG00246,West_Eurasia.1
HG00250,West_Eurasia.1
HG00251,West_Eurasia.1
HG00252,West_Eurasia.1
HG00253,West_Eurasia.1
HG00254,West_Eurasia.1
HG00255,West_Eurasia.1
HG00256,West_Eurasia.1
HG00257,West_Eurasia.1
HG00258,West_Eurasia.1
HG00259,West_Eurasia.1
HG00260,West_Eurasia.1
HG00261,West_Eurasia.1
HG00262,West_Eurasia.1
HG00263,West_Eurasia.1
HG00264,West_Eurasia.1
HG00265,West_Eurasia.1
HG01334,West_Eurasia.1
HG01789,West_Eurasia.1
HG01790,West_Eurasia.1
HG01791,West_Eurasia.1
HG02215,West_Eurasia.1
HG01500,West_Eurasia.1
HG01501,West_Eurasia.1
HG01502,West_Eurasia.1
HG01503,West_Eurasia.1
HG01504,West_Eurasia.1
HG01505,West_Eurasia.1
HG01506,West_Eurasia.1
HG01507,West_Eurasia.1
HG01508,West_Eurasia.1
HG01509,West_Eurasia.1
HG01510,West_Eurasia.1
HG01511,West_Eurasia.1
HG01512,West_Eurasia.1
HG01513,West_Eurasia.1
HG01514,West_Eurasia.1
HG01515,West_Eurasia.1
HG01516,West_Eurasia.1
HG01517,West_Eurasia.1
HG01518,West_Eurasia.1
HG01519,West_Eurasia.1
HG01520,West_Eurasia.1
HG01521,West_Eurasia.1
HG01522,West_Eurasia.1
HG01523,West_Eurasia.1
HG01524,West_Eurasia.1
HG01525,West_Eurasia.1
HG01526,West_Eurasia.1
HG01527,West_Eurasia.1
HG01528,West_Eurasia.1
HG01529,West_Eurasia.1
HG01530,West_Eurasia.1
HG01531,West_Eurasia.1
HG01532,West_Eurasia.1
HG01536,West_Eurasia.1
HG01537,West_Eurasia.1
HG01538,West_Eurasia.1
HG01601,West_Eurasia.1
HG01602,West_Eurasia.1
HG01603,West_Eurasia.1
HG01604,West_Eurasia.1
HG01605,West_Eurasia.1
HG01606,West_Eurasia.1
HG01607,West_Eurasia.1
HG01608,West_Eurasia.1
HG01609,West_Eurasia.1
HG01610,West_Eurasia.1
HG01611,West_Eurasia.1
HG01612,West_Eurasia.1
HG01613,West_Eurasia.1
HG01614,West_Eurasia.1
HG01615,West_Eurasia.1
HG01616,West_Eurasia.1
HG01617,West_Eurasia.1
HG01618,West_Eurasia.1
HG01619,West_Eurasia.1
HG01620,West_Eurasia.1
HG01621,West_Eurasia.1
HG01622,West_Eurasia.1
HG01623,West_Eurasia.1
HG01624,West_Eurasia.1
HG01625,West_Eurasia.1
HG01626,West_Eurasia.1
HG01627,West_Eurasia.1
HG01628,West_Eurasia.1
HG01629,West_Eurasia.1
HG01630,West_Eurasia.1
HG01631,West_Eurasia.1
HG01632,West_Eurasia.1
HG01633,West_Eurasia.1
HG01667,West_Eurasia.1
HG01668,West_Eurasia.1
HG01669,West_Eurasia.1
HG01670,West_Eurasia.1
HG01671,West_Eurasia.1
HG01672,West_Eurasia.1
HG01673,West_Eurasia.1
HG01674,West_Eurasia.1
HG01675,West_Eurasia.1
HG01676,West_Eurasia.1
HG01677,West_Eurasia.1
HG01678,West_Eurasia.1
HG01679,West_Eurasia.1
HG01680,West_Eurasia.1
HG01681,West_Eurasia.1
HG01682,West_Eurasia.1
HG01683,West_Eurasia.1
HG01684,West_Eurasia.1
HG01685,West_Eurasia.1
HG01686,West_Eurasia.1
HG01687,West_Eurasia.1
HG01694,West_Eurasia.1
HG01695,West_Eurasia.1
HG01696,West_Eurasia.1
HG01697,West_Eurasia.1
HG01698,West_Eurasia.1
HG01699,West_Eurasia.1
HG01700,West_Eurasia.1
HG01701,West_Eurasia.1
HG01702,West_Eurasia.1
HG01703,West_Eurasia.1
HG01704,West_Eurasia.1
HG01705,West_Eurasia.1
HG01706,West_Eurasia.1
HG01707,West_Eurasia.1
HG01708,West_Eurasia.1
HG01709,West_Eurasia.1
HG01710,West_Eurasia.1
HG01711,West_Eurasia.1
HG01746,West_Eurasia.1
HG01747,West_Eurasia.1
HG01748,West_Eurasia.1
HG01755,West_Eurasia.1
HG01756,West_Eurasia.1
HG01757,West_Eurasia.1
HG01761,West_Eurasia.1
HG01762,West_Eurasia.1
HG01763,West_Eurasia.1
HG01765,West_Eurasia.1
HG01766,West_Eurasia.1
HG01767,West_Eurasia.1
HG01768,West_Eurasia.1
HG01770,West_Eurasia.1
HG01771,West_Eurasia.1
HG01772,West_Eurasia.1
HG01773,West_Eurasia.1
HG01774,West_Eurasia.1
HG01775,West_Eurasia.1
HG01776,West_Eurasia.1
HG01777,West_Eurasia.1
HG01778,West_Eurasia.1
HG01779,West_Eurasia.1
HG01780,West_Eurasia.1
HG01781,West_Eurasia.1
HG01782,West_Eurasia.1
HG01783,West_Eurasia.1
HG01784,West_Eurasia.1
HG01785,West_Eurasia.1
HG01786,West_Eurasia.1
HG02219,West_Eurasia.1
HG02220,West_Eurasia.1
HG02221,West_Eurasia.1
HG02222,West_Eurasia.1
HG02223,West_Eurasia.1
HG02224,West_Eurasia.1
HG02225,West_Eurasia.1
HG02229,West_Eurasia.1
HG02230,West_Eurasia.1
HG02231,West_Eurasia.1
HG02232,West_Eurasia.1
HG02233,West_Eurasia.1
HG02234,West_Eurasia.1
HG02235,West_Eurasia.1
HG02236,West_Eurasia.1
HG02237,West_Eurasia.1
HG02238,West_Eurasia.1
HG02239,West_Eurasia.1
HG02240,West_Eurasia.1
NA20502,West_Eurasia.1
NA20503,West_Eurasia.1
NA20504,West_Eurasia.1
NA20505,West_Eurasia.1
NA20506,West_Eurasia.1
NA20507,West_Eurasia.1
NA20508,West_Eurasia.1
NA20509,West_Eurasia.1
NA20510,West_Eurasia.1
NA20511,West_Eurasia.1
NA20512,West_Eurasia.1
NA20513,West_Eurasia.1
NA20514,West_Eurasia.1
NA20515,West_Eurasia.1
NA20516,West_Eurasia.1
NA20517,West_Eurasia.1
NA20518,West_Eurasia.1
NA20519,West_Eurasia.1
NA20520,West_Eurasia.1
NA20521,West_Eurasia.1
NA20522,West_Eurasia.1
NA20524,West_Eurasia.1
NA20525,West_Eurasia.1
NA20527,West_Eurasia.1
NA20528,West_Eurasia.1
NA20529,West_Eurasia.1
NA20530,West_Eurasia.1
NA20531,West_Eurasia.1
NA20532,West_Eurasia.1
NA20533,West_Eurasia.1
NA20534,West_Eurasia.1
NA20535,West_Eurasia.1
NA20536,West_Eurasia.1
NA20538,West_Eurasia.1
NA20539,West_Eurasia.1
NA20540,West_Eurasia.1
NA20541,West_Eurasia.1
NA20542,West_Eurasia.1
NA20543,West_Eurasia.1
NA20544,West_Eurasia.1
NA20581,West_Eurasia.1
NA20582,West_Eurasia.1
NA20585,West_Eurasia.1
NA20586,West_Eurasia.1
NA20587,West_Eurasia.1
NA20588,West_Eurasia.1
NA20589,West_Eurasia.1
NA20752,West_Eurasia.1
NA20753,West_Eurasia.1
NA20754,West_Eurasia.1
NA20755,West_Eurasia.1
NA20756,West_Eurasia.1
NA20757,West_Eurasia.1
NA20758,West_Eurasia.1
NA20759,West_Eurasia.1
NA20760,West_Eurasia.1
NA20761,West_Eurasia.1
NA20762,West_Eurasia.1
NA20763,West_Eurasia.1
NA20764,West_Eurasia.1
NA20765,West_Eurasia.1
NA20766,West_Eurasia.1
NA20767,West_Eurasia.1
NA20768,West_Eurasia.1
NA20769,West_Eurasia.1
NA20770,West_Eurasia.1
NA20771,West_Eurasia.1
NA20772,West_Eurasia.1
NA20773,West_Eurasia.1
NA20774,West_Eurasia.1
NA20775,West_Eurasia.1
NA20778,West_Eurasia.1
NA20783,West_Eurasia.1
NA20785,West_Eurasia.1
NA20786,West_Eurasia.1
NA20787,West_Eurasia.1
NA20790,West_Eurasia.1
NA20792,West_Eurasia.1
NA20795,West_Eurasia.1
NA20796,West_Eurasia.1
NA20797,West_Eurasia.1
NA20798,West_Eurasia.1
NA20799,West_Eurasia.1
NA20800,West_Eurasia.1
NA20801,West_Eurasia.1
NA20802,West_Eurasia.1
NA20803,West_Eurasia.1
NA20804,West_Eurasia.1
NA20805,West_Eurasia.1
NA20806,West_Eurasia.1
NA20807,West_Eurasia.1
NA20808,West_Eurasia.1
NA20809,West_Eurasia.1
NA20810,West_Eurasia.1
NA20811,West_Eurasia.1
NA20812,West_Eurasia.1
NA20813,West_Eurasia.1
NA20814,West_Eurasia.1
NA20815,West_Eurasia.1
NA20818,West_Eurasia.1
NA20819,West_Eurasia.1
NA20821,West_Eurasia.1
NA20822,West_Eurasia.1
NA20826,West_Eurasia.1
NA20827,West_Eurasia.1
NA20828,West_Eurasia.1
NA20832,West_Eurasia.1
NA06984,West_Eurasia.2
NA06985,West_Eurasia.2
NA06986,West_Eurasia.2
NA06989,West_Eurasia.2
NA06991,West_Eurasia.2
NA06993,West_Eurasia.2
NA06994,West_Eurasia.2
NA06995,West_Eurasia.2
NA06997,West_Eurasia.2
NA07000,West_Eurasia.2
NA07014,West_Eurasia.2
NA07019,West_Eurasia.2
NA07022,West_Eurasia.2
NA07029,West_Eurasia.2
NA07031,West_Eurasia.2
NA07034,West_Eurasia.2
NA07037,West_Eurasia.2
NA07045,West_Eurasia.2
NA07048,West_Eurasia.2
NA07051,West_Eurasia.2
NA07055,West_Eurasia.2
NA07056,West_Eurasia.2
NA07345,West_Eurasia.2
NA07346,West_Eurasia.2
NA07347,West_Eurasia.2
NA07348,West_Eurasia.2
NA07349,West_Eurasia.2
NA07357,West_Eurasia.2
NA07435,West_Eurasia.2
NA10830,West_Eurasia.2
NA10831,West_Eurasia.2
NA10835,West_Eurasia.2
NA10836,West_Eurasia.2
NA10837,West_Eurasia.2
NA10838,West_Eurasia.2
NA10839,West_Eurasia.2
NA10840,West_Eurasia.2
NA10842,West_Eurasia.2
NA10843,West_Eurasia.2
NA10845,West_Eurasia.2
NA10846,West_Eurasia.2
NA10847,West_Eurasia.2
NA10851,West_Eurasia.2
NA10852,West_Eurasia.2
NA10854,West_Eurasia.2
NA10855,West_Eurasia.2
NA10856,West_Eurasia.2
NA10857,West_Eurasia.2
NA10859,West_Eurasia.2
NA10860,West_Eurasia.2
NA10861,West_Eurasia.2
NA10863,West_Eurasia.2
NA10864,West_Eurasia.2
NA10865,West_Eurasia.2
NA11829,West_Eurasia.2
NA11830,West_Eurasia.2
NA11831,West_Eurasia.2
NA11832,West_Eurasia.2
NA11839,West_Eurasia.2
NA11840,West_Eurasia.2
NA11843,West_Eurasia.2
NA11881,West_Eurasia.2
NA11882,West_Eurasia.2
NA11891,West_Eurasia.2
NA11892,West_Eurasia.2
NA11893,West_Eurasia.2
NA11894,West_Eurasia.2
NA11917,West_Eurasia.2
NA11918,West_Eurasia.2
NA11919,West_Eurasia.2
NA11920,West_Eurasia.2
NA11930,West_Eurasia.2
NA11931,West_Eurasia.2
NA11932,West_Eurasia.2
NA11933,West_Eurasia.2
NA11992,West_Eurasia.2
NA11993,West_Eurasia.2
NA11994,West_Eurasia.2
NA11995,West_Eurasia.2
NA12003,West_Eurasia.2
NA12004,West_Eurasia.2
NA12005,West_Eurasia.2
NA12006,West_Eurasia.2
NA12043,West_Eurasia.2
NA12044,West_Eurasia.2
NA12045,West_Eurasia.2
NA12046,West_Eurasia.2
NA12056,West_Eurasia.2
NA12057,West_Eurasia.2
NA12058,West_Eurasia.2
NA12144,West_Eurasia.2
NA12145,West_Eurasia.2
NA12146,West_Eurasia.2
NA12154,West_Eurasia.2
NA12155,West_Eurasia.2
NA12156,West_Eurasia.2
NA12234,West_Eurasia.2
NA12236,West_Eurasia.2
NA12239,West_Eurasia.2
NA12248,West_Eurasia.2
NA12249,West_Eurasia.2
NA12264,West_Eurasia.2
NA12272,West_Eurasia.2
NA12273,West_Eurasia.2
NA12274,West_Eurasia.2
NA12275,West_Eurasia.2
NA12282,West_Eurasia.2
NA12283,West_Eurasia.2
NA12286,West_Eurasia.2
NA12287,West_Eurasia.2
NA12329,West_Eurasia.2
NA12335,West_Eurasia.2
NA12336,West_Eurasia.2
NA12340,West_Eurasia.2
NA12341,West_Eurasia.2
NA12342,West_Eurasia.2
NA12343,West_Eurasia.2
NA12344,West_Eurasia.2
NA12347,West_Eurasia.2
NA12348,West_Eurasia.2
NA12376,West_Eurasia.2
NA12383,West_Eurasia.2
NA12386,West_Eurasia.2
NA12399,West_Eurasia.2
NA12400,West_Eurasia.2
NA12413,West_Eurasia.2
NA12414,West_Eurasia.2
NA12485,West_Eurasia.2
NA12489,West_Eurasia.2
NA12546,West_Eurasia.2
NA12707,West_Eurasia.2
NA12716,West_Eurasia.2
NA12717,West_Eurasia.2
NA12718,West_Eurasia.2
NA12739,West_Eurasia.2
NA12740,West_Eurasia.2
NA12748,West_Eurasia.2
NA12749,West_Eurasia.2
NA12750,West_Eurasia.2
NA12751,West_Eurasia.2
NA12752,West_Eurasia.2
NA12753,West_Eurasia.2
NA12760,West_Eurasia.2
NA12761,West_Eurasia.2
NA12762,West_Eurasia.2
NA12763,West_Eurasia.2
NA12766,West_Eurasia.2
NA12767,West_Eurasia.2
NA12775,West_Eurasia.2
NA12776,West_Eurasia.2
NA12777,West_Eurasia.2
NA12778,West_Eurasia.2
NA12801,West_Eurasia.2
NA12802,West_Eurasia.2
NA12812,West_Eurasia.2
NA12813,West_Eurasia.2
NA12814,West_Eurasia.2
NA12815,West_Eurasia.2
NA12817,West_Eurasia.2
NA12818,West_Eurasia.2
NA12827,West_Eurasia.2
NA12828,West_Eurasia.2
NA12829,West_Eurasia.2
NA12830,West_Eurasia.2
NA12832,West_Eurasia.2
NA12842,West_Eurasia.2
NA12843,West_Eurasia.2
NA12864,West_Eurasia.2
NA12865,West_Eurasia.2
NA12872,West_Eurasia.2
NA12873,West_Eurasia.2
NA12874,West_Eurasia.2
NA12875,West_Eurasia.2
NA12877,West_Eurasia.2
NA12878,West_Eurasia.2
NA12889,West_Eurasia.2
NA12890,West_Eurasia.2
NA12891,West_Eurasia.2
NA12892,West_Eurasia.2
HG01119,West_Eurasia.2
HG00171,West_Eurasia.2
HG00173,West_Eurasia.2
HG00174,West_Eurasia.2
HG00176,West_Eurasia.2
HG00177,West_Eurasia.2
HG00178,West_Eurasia.2
HG00179,West_Eurasia.2
HG00180,West_Eurasia.2
HG00181,West_Eurasia.2
HG00182,West_Eurasia.2
HG00183,West_Eurasia.2
HG00185,West_Eurasia.2
HG00186,West_Eurasia.2
HG00187,West_Eurasia.2
HG00188,West_Eurasia.2
HG00189,West_Eurasia.2
HG00190,West_Eurasia.2
HG00266,West_Eurasia.2
HG00267,West_Eurasia.2
HG00268,West_Eurasia.2
HG00269,West_Eurasia.2
HG00271,West_Eurasia.2
HG00272,West_Eurasia.2
HG00273,West_Eurasia.2
HG00274,West_Eurasia.2
HG00275,West_Eurasia.2
HG00276,West_Eurasia.2
HG00277,West_Eurasia.2
HG00278,West_Eurasia.2
HG00280,West_Eurasia.2
HG00281,West_Eurasia.2
HG00282,West_Eurasia.2
HG00284,West_Eurasia.2
HG00285,West_Eurasia.2
HG00288,West_Eurasia.2
HG00290,West_Eurasia.2
HG00304,West_Eurasia.2
HG00306,West_Eurasia.2
HG00308,West_Eurasia.2
HG00309,West_Eurasia.2
HG00310,West_Eurasia.2
HG00311,West_Eurasia.2
HG00313,West_Eurasia.2
HG00315,West_Eurasia.2
HG00318,West_Eurasia.2
HG00319,West_Eurasia.2
HG00320,West_Eurasia.2
HG00321,West_Eurasia.2
HG00323,West_Eurasia.2
HG00324,West_Eurasia.2
HG00325,West_Eurasia.2
HG00326,West_Eurasia.2
HG00327,West_Eurasia.2
HG00328,West_Eurasia.2
HG00329,West_Eurasia.2
HG00330,West_Eurasia.2
HG00331,West_Eurasia.2
HG00332,West_Eurasia.2
HG00334,West_Eurasia.2
HG00335,West_Eurasia.2
HG00336,West_Eurasia.2
HG00337,West_Eurasia.2
HG00338,West_Eurasia.2
HG00339,West_Eurasia.2
HG00341,West_Eurasia.2
HG00342,West_Eurasia.2
HG00343,West_Eurasia.2
HG00344,West_Eurasia.2
HG00345,West_Eurasia.2
HG00346,West_Eurasia.2
HG00349,West_Eurasia.2
HG00350,West_Eurasia.2
HG00351,West_Eurasia.2
HG00353,West_Eurasia.2
HG00355,West_Eurasia.2
HG00356,West_Eurasia.2
HG00357,West_Eurasia.2
HG00358,West_Eurasia.2
HG00360,West_Eurasia.2
HG00361,West_Eurasia.2
HG00362,West_Eurasia.2
HG00364,West_Eurasia.2
HG00365,West_Eurasia.2
HG00366,West_Eurasia.2
HG00367,West_Eurasia.2
HG00368,West_Eurasia.2
HG00369,West_Eurasia.2
HG00371,West_Eurasia.2
HG00372,West_Eurasia.2
HG00373,West_Eurasia.2
HG00375,West_Eurasia.2
HG00376,West_Eurasia.2
HG00378,West_Eurasia.2
HG00379,West_Eurasia.2
HG00380,West_Eurasia.2
HG00381,West_Eurasia.2
HG00382,West_Eurasia.2
HG00383,West_Eurasia.2
HG00384,West_Eurasia.2
HG02662,West_Eurasia.2
HG01200,West_Eurasia.2
